session_id,participant__id_in_session,participant__code,page_index,app_name,page_name,time_stamp,seconds_on_page,subsession_pk,auto_submitted
3,2,9ypa596f,1,tt_norms,Instructions,1554828632,157,11,False
3,2,9ypa596f,2,tt_norms,Task,1554828708,76,11,False
3,2,9ypa596f,6,tt_norms,Task,1554828727,19,12,False
3,2,9ypa596f,10,tt_norms,Task,1554828739,12,13,False
3,2,9ypa596f,14,tt_norms,Task,1554828751,12,14,False
3,2,9ypa596f,18,tt_norms,Task,1554828760,9,15,False
3,2,9ypa596f,19,tt_norms,BeliefInstructions,1554828774,14,15,False
3,2,9ypa596f,20,tt_norms,Beliefs,1554828813,39,15,False
3,2,9ypa596f,21,wordscra,Task,1554828885,72,3,False
3,2,9ypa596f,22,postexp,Risk,1554828898,13,3,False
3,2,9ypa596f,23,postexp,Pref1,1554828971,73,3,False
3,2,9ypa596f,24,postexp,Pref2,1554828996,25,3,False
3,2,9ypa596f,25,postexp,Demographics,1554829020,24,3,False
3,3,ouukdh3h,1,tt_norms,Instructions,1554828808,54,11,False
3,4,8f3fl3os,1,tt_norms,Instructions,1554828885,95,11,False
3,4,8f3fl3os,2,tt_norms,Task,1554828948,63,11,False
3,4,8f3fl3os,6,tt_norms,Task,1554828978,30,12,False
3,4,8f3fl3os,10,tt_norms,Task,1554828995,17,13,False
3,4,8f3fl3os,14,tt_norms,Task,1554829004,9,14,False
3,4,8f3fl3os,18,tt_norms,Task,1554829010,6,15,False
3,4,8f3fl3os,19,tt_norms,BeliefInstructions,1554829022,12,15,False
3,4,8f3fl3os,20,tt_norms,Beliefs,1554829050,28,15,False
3,4,8f3fl3os,21,wordscra,Task,1554829090,40,3,False
3,4,8f3fl3os,22,postexp,Risk,1554829099,9,3,False
3,4,8f3fl3os,23,postexp,Pref1,1554829154,55,3,False
3,4,8f3fl3os,24,postexp,Pref2,1554829178,24,3,False
3,4,8f3fl3os,25,postexp,Demographics,1554829207,29,3,False
3,7,344ut2kr,1,tt_norms,Instructions,1554829133,142,11,False
3,7,344ut2kr,2,tt_norms,Task,1554829261,128,11,False
3,7,344ut2kr,6,tt_norms,Task,1554829304,43,12,False
3,7,344ut2kr,10,tt_norms,Task,1554829323,19,13,False
3,7,344ut2kr,14,tt_norms,Task,1554829349,26,14,False
3,7,344ut2kr,18,tt_norms,Task,1554829367,18,15,False
3,7,344ut2kr,19,tt_norms,BeliefInstructions,1554829430,63,15,False
3,7,344ut2kr,20,tt_norms,Beliefs,1554829613,183,15,False
3,7,344ut2kr,21,wordscra,Task,1554829841,228,3,False
3,7,344ut2kr,22,postexp,Risk,1554829856,15,3,False
3,7,344ut2kr,23,postexp,Pref1,1554829914,58,3,False
3,7,344ut2kr,24,postexp,Pref2,1554829958,44,3,False
3,7,344ut2kr,25,postexp,Demographics,1554830009,51,3,False
3,8,iml6se2g,1,tt_norms,Instructions,1554829161,106,11,False
3,8,iml6se2g,2,tt_norms,Task,1554829346,185,11,False
3,8,iml6se2g,6,tt_norms,Task,1554829400,54,12,False
3,8,iml6se2g,10,tt_norms,Task,1554829408,8,13,False
3,8,iml6se2g,14,tt_norms,Task,1554829421,13,14,False
3,8,iml6se2g,18,tt_norms,Task,1554829434,13,15,False
3,8,iml6se2g,19,tt_norms,BeliefInstructions,1554829436,2,15,False
3,8,iml6se2g,20,tt_norms,Beliefs,1554829518,82,15,False
3,8,iml6se2g,21,wordscra,Task,1554829611,93,3,False
3,8,iml6se2g,22,postexp,Risk,1554829622,11,3,False
3,8,iml6se2g,23,postexp,Pref1,1554829659,37,3,False
3,8,iml6se2g,24,postexp,Pref2,1554829678,19,3,False
3,8,iml6se2g,25,postexp,Demographics,1554829700,22,3,False
3,11,swa7ix0a,1,tt_norms,Instructions,1554830501,781,11,False
3,11,swa7ix0a,2,tt_norms,Task,1554830630,129,11,False
3,11,swa7ix0a,6,tt_norms,Task,1554830675,45,12,False
3,11,swa7ix0a,10,tt_norms,Task,1554830701,26,13,False
3,11,swa7ix0a,14,tt_norms,Task,1554830718,17,14,False
3,11,swa7ix0a,18,tt_norms,Task,1554830740,22,15,False
3,11,swa7ix0a,19,tt_norms,BeliefInstructions,1554830754,14,15,False
3,11,swa7ix0a,20,tt_norms,Beliefs,1554830815,61,15,False
3,11,swa7ix0a,21,wordscra,Task,1554830878,63,3,False
3,11,swa7ix0a,22,postexp,Risk,1554830889,11,3,False
3,11,swa7ix0a,23,postexp,Pref1,1554830937,48,3,False
3,11,swa7ix0a,24,postexp,Pref2,1554830959,22,3,False
3,11,swa7ix0a,25,postexp,Demographics,1554830991,32,3,False
3,12,h1tnfeqt,1,tt_norms,Instructions,1554830354,108,11,False
3,12,h1tnfeqt,2,tt_norms,Task,1554830486,132,11,False
3,12,h1tnfeqt,6,tt_norms,Task,1554830537,51,12,False
3,12,h1tnfeqt,10,tt_norms,Task,1554830561,24,13,False
3,12,h1tnfeqt,14,tt_norms,Task,1554830579,18,14,False
3,12,h1tnfeqt,18,tt_norms,Task,1554830592,13,15,False
3,12,h1tnfeqt,19,tt_norms,BeliefInstructions,1554830628,36,15,False
3,12,h1tnfeqt,20,tt_norms,Beliefs,1554830681,53,15,False
3,12,h1tnfeqt,21,wordscra,Task,1554830712,31,3,False
3,12,h1tnfeqt,22,postexp,Risk,1554830724,12,3,False
3,12,h1tnfeqt,23,postexp,Pref1,1554830788,64,3,False
3,12,h1tnfeqt,24,postexp,Pref2,1554830817,29,3,False
3,12,h1tnfeqt,25,postexp,Demographics,1554830870,53,3,False
3,13,m14rt9j1,1,tt_norms,Instructions,1554830595,71,11,False
3,13,m14rt9j1,2,tt_norms,Task,1554830674,79,11,False
3,13,m14rt9j1,6,tt_norms,Task,1554830696,22,12,False
3,13,m14rt9j1,10,tt_norms,Task,1554830721,25,13,False
3,13,m14rt9j1,14,tt_norms,Task,1554830727,6,14,False
3,13,m14rt9j1,18,tt_norms,Task,1554830739,12,15,False
3,13,m14rt9j1,19,tt_norms,BeliefInstructions,1554830752,13,15,False
3,13,m14rt9j1,20,tt_norms,Beliefs,1554830797,45,15,False
3,13,m14rt9j1,21,wordscra,Task,1554830852,55,3,False
3,13,m14rt9j1,22,postexp,Risk,1554830860,8,3,False
3,13,m14rt9j1,23,postexp,Pref1,1554830894,34,3,False
3,13,m14rt9j1,24,postexp,Pref2,1554830918,24,3,False
3,13,m14rt9j1,25,postexp,Demographics,1554830974,56,3,False
3,14,o3bvqzoa,1,tt_norms,Instructions,1554831040,126,11,False
3,14,o3bvqzoa,2,tt_norms,Task,1554831135,95,11,False
3,14,o3bvqzoa,6,tt_norms,Task,1554831156,21,12,False
3,14,o3bvqzoa,10,tt_norms,Task,1554831167,11,13,False
3,14,o3bvqzoa,14,tt_norms,Task,1554831180,13,14,False
3,14,o3bvqzoa,18,tt_norms,Task,1554831188,8,15,False
3,14,o3bvqzoa,19,tt_norms,BeliefInstructions,1554831196,8,15,False
3,14,o3bvqzoa,20,tt_norms,Beliefs,1554831260,64,15,False
3,14,o3bvqzoa,21,wordscra,Task,1554831578,318,3,False
3,14,o3bvqzoa,22,postexp,Risk,1554831586,8,3,False
3,14,o3bvqzoa,23,postexp,Pref1,1554831613,27,3,False
3,14,o3bvqzoa,24,postexp,Pref2,1554831627,14,3,False
3,14,o3bvqzoa,25,postexp,Demographics,1554831698,71,3,False
3,15,e82qqpel,1,tt_norms,Instructions,1554838065,6953,11,False
3,15,e82qqpel,2,tt_norms,Task,1554838131,66,11,False
3,15,e82qqpel,6,tt_norms,Task,1554838149,18,12,False
3,15,e82qqpel,10,tt_norms,Task,1554838156,7,13,False
3,15,e82qqpel,14,tt_norms,Task,1554838166,10,14,False
3,15,e82qqpel,18,tt_norms,Task,1554838174,8,15,False
3,15,e82qqpel,19,tt_norms,BeliefInstructions,1554838202,28,15,False
3,15,e82qqpel,20,tt_norms,Beliefs,1554838232,30,15,False
3,15,e82qqpel,21,wordscra,Task,1554838316,84,3,False
3,15,e82qqpel,22,postexp,Risk,1554838327,11,3,False
3,15,e82qqpel,23,postexp,Pref1,1554838372,45,3,False
3,15,e82qqpel,24,postexp,Pref2,1554838395,23,3,False
3,15,e82qqpel,25,postexp,Demographics,1554838472,77,3,False
3,16,4sv2tc9b,1,tt_norms,Instructions,1554831954,214,11,False
3,16,4sv2tc9b,2,tt_norms,Task,1554832118,164,11,False
3,16,4sv2tc9b,6,tt_norms,Task,1554832173,55,12,False
3,16,4sv2tc9b,10,tt_norms,Task,1554832196,23,13,False
3,16,4sv2tc9b,14,tt_norms,Task,1554832218,22,14,False
3,16,4sv2tc9b,18,tt_norms,Task,1554832229,11,15,False
3,16,4sv2tc9b,19,tt_norms,BeliefInstructions,1554832277,48,15,False
3,16,4sv2tc9b,20,tt_norms,Beliefs,1554832331,54,15,False
3,16,4sv2tc9b,21,wordscra,Task,1554832475,144,3,False
3,16,4sv2tc9b,22,postexp,Risk,1554832486,11,3,False
3,16,4sv2tc9b,23,postexp,Pref1,1554832564,78,3,False
3,16,4sv2tc9b,24,postexp,Pref2,1554832601,37,3,False
3,16,4sv2tc9b,25,postexp,Demographics,1554832639,38,3,False
3,17,ciwkm5p5,1,tt_norms,Instructions,1554832466,281,11,False
3,17,ciwkm5p5,2,tt_norms,Task,1554832572,106,11,False
3,17,ciwkm5p5,6,tt_norms,Task,1554832598,26,12,False
3,17,ciwkm5p5,10,tt_norms,Task,1554832617,19,13,False
3,17,ciwkm5p5,14,tt_norms,Task,1554832623,6,14,False
3,17,ciwkm5p5,18,tt_norms,Task,1554832630,7,15,False
3,17,ciwkm5p5,19,tt_norms,BeliefInstructions,1554832650,20,15,False
3,17,ciwkm5p5,20,tt_norms,Beliefs,1554832698,48,15,False
3,17,ciwkm5p5,21,wordscra,Task,1554832731,33,3,False
3,17,ciwkm5p5,22,postexp,Risk,1554832740,9,3,False
3,17,ciwkm5p5,23,postexp,Pref1,1554832786,46,3,False
3,17,ciwkm5p5,24,postexp,Pref2,1554832805,19,3,False
3,17,ciwkm5p5,25,postexp,Demographics,1554832832,27,3,False
3,18,yelu3zbd,1,tt_norms,Instructions,1554833268,24,11,False
3,18,yelu3zbd,2,tt_norms,Task,1554833380,112,11,False
3,18,yelu3zbd,6,tt_norms,Task,1554833403,23,12,False
3,18,yelu3zbd,10,tt_norms,Task,1554833410,7,13,False
3,18,yelu3zbd,14,tt_norms,Task,1554833419,9,14,False
3,18,yelu3zbd,18,tt_norms,Task,1554833427,8,15,False
3,18,yelu3zbd,19,tt_norms,BeliefInstructions,1554833431,4,15,False
3,18,yelu3zbd,20,tt_norms,Beliefs,1554833483,52,15,False
3,18,yelu3zbd,21,wordscra,Task,1554833740,257,3,False
3,18,yelu3zbd,22,postexp,Risk,1554833767,27,3,False
3,18,yelu3zbd,23,postexp,Pref1,1554834027,260,3,False
3,18,yelu3zbd,24,postexp,Pref2,1554834034,7,3,False
3,18,yelu3zbd,25,postexp,Demographics,1554834099,65,3,False
3,19,uqdq38av,1,tt_norms,Instructions,1554834530,63,11,False
3,19,uqdq38av,2,tt_norms,Task,1554834573,43,11,False
3,19,uqdq38av,6,tt_norms,Task,1554834587,14,12,False
3,19,uqdq38av,10,tt_norms,Task,1554834603,16,13,False
3,19,uqdq38av,14,tt_norms,Task,1554834623,20,14,False
3,19,uqdq38av,18,tt_norms,Task,1554834634,11,15,False
3,19,uqdq38av,19,tt_norms,BeliefInstructions,1554834639,5,15,False
3,19,uqdq38av,20,tt_norms,Beliefs,1554834678,39,15,False
3,19,uqdq38av,21,wordscra,Task,1554834751,73,3,False
3,19,uqdq38av,22,postexp,Risk,1554834758,7,3,False
3,19,uqdq38av,23,postexp,Pref1,1554834785,27,3,False
3,19,uqdq38av,24,postexp,Pref2,1554834809,24,3,False
3,19,uqdq38av,25,postexp,Demographics,1554834834,25,3,False
3,20,ueet2k19,1,tt_norms,Instructions,1554834904,115,11,False
3,20,ueet2k19,2,tt_norms,Task,1554835302,398,11,False
3,20,ueet2k19,6,tt_norms,Task,1554835347,45,12,False
3,20,ueet2k19,10,tt_norms,Task,1554835366,19,13,False
3,20,ueet2k19,14,tt_norms,Task,1554835384,18,14,False
3,20,ueet2k19,18,tt_norms,Task,1554835417,33,15,False
3,20,ueet2k19,19,tt_norms,BeliefInstructions,1554835434,17,15,False
3,20,ueet2k19,20,tt_norms,Beliefs,1554835543,109,15,False
3,20,ueet2k19,21,wordscra,Task,1554835653,110,3,False
3,20,ueet2k19,22,postexp,Risk,1554835675,22,3,False
3,20,ueet2k19,23,postexp,Pref1,1554835728,53,3,False
3,20,ueet2k19,24,postexp,Pref2,1554835748,20,3,False
3,20,ueet2k19,25,postexp,Demographics,1554835828,80,3,False
3,21,hw7o7f1q,1,tt_norms,Instructions,1554834901,59,11,False
3,21,hw7o7f1q,2,tt_norms,Task,1554834919,18,11,False
3,21,hw7o7f1q,6,tt_norms,Task,1554834932,13,12,False
3,21,hw7o7f1q,10,tt_norms,Task,1554834942,10,13,False
3,21,hw7o7f1q,14,tt_norms,Task,1554834948,6,14,False
3,21,hw7o7f1q,18,tt_norms,Task,1554834952,4,15,False
3,21,hw7o7f1q,19,tt_norms,BeliefInstructions,1554834958,6,15,False
3,21,hw7o7f1q,20,tt_norms,Beliefs,1554834988,30,15,False
3,21,hw7o7f1q,21,wordscra,Task,1554835062,74,3,False
3,21,hw7o7f1q,22,postexp,Risk,1554835072,10,3,False
3,21,hw7o7f1q,23,postexp,Pref1,1554835105,33,3,False
3,21,hw7o7f1q,24,postexp,Pref2,1554835134,29,3,False
3,21,hw7o7f1q,25,postexp,Demographics,1554835213,79,3,False
3,22,iv78c1g7,1,tt_norms,Instructions,1554835476,91,11,False
3,22,iv78c1g7,2,tt_norms,Task,1554835613,137,11,False
3,22,iv78c1g7,6,tt_norms,Task,1554835676,63,12,False
3,22,iv78c1g7,10,tt_norms,Task,1554835700,24,13,False
3,22,iv78c1g7,14,tt_norms,Task,1554835714,14,14,False
3,22,iv78c1g7,18,tt_norms,Task,1554835731,17,15,False
3,22,iv78c1g7,19,tt_norms,BeliefInstructions,1554835744,13,15,False
3,22,iv78c1g7,20,tt_norms,Beliefs,1554835812,68,15,False
3,22,iv78c1g7,21,wordscra,Task,1554835859,47,3,False
3,22,iv78c1g7,22,postexp,Risk,1554835872,13,3,False
3,22,iv78c1g7,23,postexp,Pref1,1554835913,41,3,False
3,22,iv78c1g7,24,postexp,Pref2,1554835943,30,3,False
3,22,iv78c1g7,25,postexp,Demographics,1554835991,48,3,False
3,23,w266luxx,1,tt_norms,Instructions,1554835860,166,11,False
3,23,w266luxx,2,tt_norms,Task,1554835965,105,11,False
3,23,w266luxx,6,tt_norms,Task,1554835994,29,12,False
3,23,w266luxx,10,tt_norms,Task,1554836025,31,13,False
3,23,w266luxx,14,tt_norms,Task,1554836032,7,14,False
3,23,w266luxx,18,tt_norms,Task,1554836039,7,15,False
3,23,w266luxx,19,tt_norms,BeliefInstructions,1554836069,30,15,False
3,23,w266luxx,20,tt_norms,Beliefs,1554836136,67,15,False
3,23,w266luxx,21,wordscra,Task,1554836239,103,3,False
3,23,w266luxx,22,postexp,Risk,1554836253,14,3,False
3,23,w266luxx,23,postexp,Pref1,1554836294,41,3,False
3,23,w266luxx,24,postexp,Pref2,1554836322,28,3,False
3,23,w266luxx,25,postexp,Demographics,1554836389,67,3,False
3,24,xaun2iam,1,tt_norms,Instructions,1554836748,133,11,False
3,24,xaun2iam,2,tt_norms,Task,1554836845,97,11,False
3,24,xaun2iam,6,tt_norms,Task,1554836897,52,12,False
3,24,xaun2iam,10,tt_norms,Task,1554836908,11,13,False
3,24,xaun2iam,14,tt_norms,Task,1554836915,7,14,False
3,24,xaun2iam,18,tt_norms,Task,1554836920,5,15,False
3,24,xaun2iam,19,tt_norms,BeliefInstructions,1554836947,27,15,False
3,24,xaun2iam,20,tt_norms,Beliefs,1554837029,82,15,False
3,24,xaun2iam,21,wordscra,Task,1554837108,79,3,False
3,24,xaun2iam,22,postexp,Risk,1554837117,9,3,False
3,24,xaun2iam,23,postexp,Pref1,1554837159,42,3,False
3,24,xaun2iam,24,postexp,Pref2,1554837177,18,3,False
3,24,xaun2iam,25,postexp,Demographics,1554837207,30,3,False
3,25,ufm31dx8,1,tt_norms,Instructions,1554837561,106,11,False
3,25,ufm31dx8,2,tt_norms,Task,1554837654,93,11,False
3,25,ufm31dx8,6,tt_norms,Task,1554837693,39,12,False
3,25,ufm31dx8,10,tt_norms,Task,1554837791,98,13,False
3,25,ufm31dx8,14,tt_norms,Task,1554837811,20,14,False
3,25,ufm31dx8,18,tt_norms,Task,1554837826,15,15,False
3,25,ufm31dx8,19,tt_norms,BeliefInstructions,1554837873,47,15,False
3,25,ufm31dx8,20,tt_norms,Beliefs,1554837936,63,15,False
3,25,ufm31dx8,21,wordscra,Task,1554838001,65,3,False
3,25,ufm31dx8,22,postexp,Risk,1554838015,14,3,False
3,25,ufm31dx8,23,postexp,Pref1,1554838092,77,3,False
3,25,ufm31dx8,24,postexp,Pref2,1554838129,37,3,False
3,25,ufm31dx8,25,postexp,Demographics,1554838179,50,3,False
3,26,vv0yvtsh,1,tt_norms,Instructions,1554838064,105,11,False
3,26,vv0yvtsh,2,tt_norms,Task,1554838158,94,11,False
3,26,vv0yvtsh,6,tt_norms,Task,1554838206,48,12,False
3,26,vv0yvtsh,10,tt_norms,Task,1554838217,11,13,False
3,26,vv0yvtsh,14,tt_norms,Task,1554838222,5,14,False
3,26,vv0yvtsh,18,tt_norms,Task,1554838234,12,15,False
3,26,vv0yvtsh,19,tt_norms,BeliefInstructions,1554838256,22,15,False
3,26,vv0yvtsh,20,tt_norms,Beliefs,1554838296,40,15,False
3,26,vv0yvtsh,21,wordscra,Task,1554838444,148,3,False
3,26,vv0yvtsh,22,postexp,Risk,1554838452,8,3,False
3,26,vv0yvtsh,23,postexp,Pref1,1554838500,48,3,False
3,26,vv0yvtsh,24,postexp,Pref2,1554838521,21,3,False
3,26,vv0yvtsh,25,postexp,Demographics,1554838549,28,3,False
3,27,dmcal509,1,tt_norms,Instructions,1554838091,8,11,False
3,28,aa0ryp1j,1,tt_norms,Instructions,1554838858,89,11,False
3,28,aa0ryp1j,2,tt_norms,Task,1554838927,69,11,False
3,28,aa0ryp1j,6,tt_norms,Task,1554838955,28,12,False
3,28,aa0ryp1j,10,tt_norms,Task,1554838978,23,13,False
3,28,aa0ryp1j,14,tt_norms,Task,1554838989,11,14,False
3,28,aa0ryp1j,18,tt_norms,Task,1554839009,20,15,False
3,28,aa0ryp1j,19,tt_norms,BeliefInstructions,1554839026,17,15,False
3,28,aa0ryp1j,20,tt_norms,Beliefs,1554839059,33,15,False
3,28,aa0ryp1j,21,wordscra,Task,1554839310,251,3,False
3,28,aa0ryp1j,22,postexp,Risk,1554839322,12,3,False
3,28,aa0ryp1j,23,postexp,Pref1,1554839370,48,3,False
3,28,aa0ryp1j,24,postexp,Pref2,1554839396,26,3,False
3,28,aa0ryp1j,25,postexp,Demographics,1554839430,34,3,False
3,29,8jk6arie,1,tt_norms,Instructions,1554839556,50,11,False
3,29,8jk6arie,2,tt_norms,Task,1554839662,106,11,False
3,29,8jk6arie,6,tt_norms,Task,1554839692,30,12,False
3,29,8jk6arie,10,tt_norms,Task,1554839713,21,13,False
3,29,8jk6arie,14,tt_norms,Task,1554839729,16,14,False
3,29,8jk6arie,18,tt_norms,Task,1554839743,14,15,False
3,29,8jk6arie,19,tt_norms,BeliefInstructions,1554839767,24,15,False
3,29,8jk6arie,20,tt_norms,Beliefs,1554839872,105,15,False
3,29,8jk6arie,21,wordscra,Task,1554839948,76,3,False
3,29,8jk6arie,22,postexp,Risk,1554839961,13,3,False
3,29,8jk6arie,23,postexp,Pref1,1554839993,32,3,False
3,29,8jk6arie,24,postexp,Pref2,1554840015,22,3,False
3,29,8jk6arie,25,postexp,Demographics,1554840061,46,3,False
3,33,mwr0vkqj,1,tt_norms,Instructions,1554842807,67,11,False
3,33,mwr0vkqj,2,tt_norms,Task,1554842895,88,11,False
3,33,mwr0vkqj,6,tt_norms,Task,1554842931,36,12,False
3,33,mwr0vkqj,10,tt_norms,Task,1554842945,14,13,False
3,33,mwr0vkqj,14,tt_norms,Task,1554842953,8,14,False
3,33,mwr0vkqj,18,tt_norms,Task,1554842958,5,15,False
3,33,mwr0vkqj,19,tt_norms,BeliefInstructions,1554842973,15,15,False
3,33,mwr0vkqj,20,tt_norms,Beliefs,1554843019,46,15,False
3,33,mwr0vkqj,21,wordscra,Task,1554843057,38,3,False
3,33,mwr0vkqj,22,postexp,Risk,1554843067,10,3,False
3,33,mwr0vkqj,23,postexp,Pref1,1554843099,32,3,False
3,33,mwr0vkqj,24,postexp,Pref2,1554843127,28,3,False
3,33,mwr0vkqj,25,postexp,Demographics,1554843165,38,3,False
3,35,j7jgh9cs,1,tt_norms,Instructions,1554871089,45,11,False
3,35,j7jgh9cs,2,tt_norms,Task,1554871174,85,11,False
3,36,wyeqoyp9,1,tt_norms,Instructions,1554873360,138,11,False
3,36,wyeqoyp9,2,tt_norms,Task,1554873436,76,11,False
3,36,wyeqoyp9,6,tt_norms,Task,1554873467,31,12,False
3,36,wyeqoyp9,10,tt_norms,Task,1554873480,13,13,False
3,36,wyeqoyp9,14,tt_norms,Task,1554873494,14,14,False
3,36,wyeqoyp9,18,tt_norms,Task,1554873504,10,15,False
3,36,wyeqoyp9,19,tt_norms,BeliefInstructions,1554873514,10,15,False
3,36,wyeqoyp9,20,tt_norms,Beliefs,1554873640,126,15,False
3,36,wyeqoyp9,21,wordscra,Task,1554874090,450,3,False
3,36,wyeqoyp9,22,postexp,Risk,1554874100,10,3,False
3,36,wyeqoyp9,23,postexp,Pref1,1554874140,40,3,False
3,36,wyeqoyp9,24,postexp,Pref2,1554874164,24,3,False
3,36,wyeqoyp9,25,postexp,Demographics,1554874241,77,3,False
3,37,8fj7b5ja,1,tt_norms,Instructions,1554880682,1723,11,False
3,37,8fj7b5ja,2,tt_norms,Task,1554880973,291,11,False
3,37,8fj7b5ja,6,tt_norms,Task,1554881016,43,12,False
3,37,8fj7b5ja,10,tt_norms,Task,1554881080,64,13,False
3,37,8fj7b5ja,14,tt_norms,Task,1554881116,36,14,False
3,37,8fj7b5ja,18,tt_norms,Task,1554881141,25,15,False
3,37,8fj7b5ja,19,tt_norms,BeliefInstructions,1554881177,36,15,False
3,37,8fj7b5ja,20,tt_norms,Beliefs,1554881329,152,15,False
3,37,8fj7b5ja,21,wordscra,Task,1554881514,185,3,False
3,37,8fj7b5ja,22,postexp,Risk,1554881533,19,3,False
3,37,8fj7b5ja,23,postexp,Pref1,1554881646,113,3,False
3,37,8fj7b5ja,24,postexp,Pref2,1554881727,81,3,False
3,37,8fj7b5ja,25,postexp,Demographics,1554881778,51,3,False
3,38,se61ebdn,1,tt_norms,Instructions,1554879503,49,11,False
3,38,se61ebdn,2,tt_norms,Task,1554879585,82,11,False
3,38,se61ebdn,6,tt_norms,Task,1554879609,24,12,False
3,38,se61ebdn,10,tt_norms,Task,1554879618,9,13,False
3,38,se61ebdn,14,tt_norms,Task,1554879630,12,14,False
3,38,se61ebdn,18,tt_norms,Task,1554879636,6,15,False
3,38,se61ebdn,19,tt_norms,BeliefInstructions,1554879648,12,15,False
3,38,se61ebdn,20,tt_norms,Beliefs,1554879741,93,15,False
3,38,se61ebdn,21,wordscra,Task,1554879794,53,3,False
3,38,se61ebdn,22,postexp,Risk,1554879803,9,3,False
3,38,se61ebdn,23,postexp,Pref1,1554879839,36,3,False
3,38,se61ebdn,24,postexp,Pref2,1554879858,19,3,False
3,38,se61ebdn,25,postexp,Demographics,1554879886,28,3,False
3,39,4mfaq6o7,1,tt_norms,Instructions,1554881471,47,11,False
3,39,4mfaq6o7,2,tt_norms,Task,1554881583,112,11,False
3,39,4mfaq6o7,6,tt_norms,Task,1554881618,35,12,False
3,39,4mfaq6o7,10,tt_norms,Task,1554881630,12,13,False
3,39,4mfaq6o7,14,tt_norms,Task,1554881636,6,14,False
3,39,4mfaq6o7,18,tt_norms,Task,1554881647,11,15,False
3,39,4mfaq6o7,19,tt_norms,BeliefInstructions,1554881659,12,15,False
3,39,4mfaq6o7,20,tt_norms,Beliefs,1554881687,28,15,False
3,39,4mfaq6o7,21,wordscra,Task,1554881793,106,3,False
3,39,4mfaq6o7,22,postexp,Risk,1554881801,8,3,False
3,39,4mfaq6o7,23,postexp,Pref1,1554881843,42,3,False
3,39,4mfaq6o7,24,postexp,Pref2,1554881866,23,3,False
3,39,4mfaq6o7,25,postexp,Demographics,1554881891,25,3,False
3,40,8acp7r02,1,tt_norms,Instructions,1554881539,71,11,False
3,40,8acp7r02,2,tt_norms,Task,1554881651,112,11,False
3,40,8acp7r02,6,tt_norms,Task,1554881668,17,12,False
3,40,8acp7r02,10,tt_norms,Task,1554881678,10,13,False
3,40,8acp7r02,14,tt_norms,Task,1554881689,11,14,False
3,40,8acp7r02,18,tt_norms,Task,1554881696,7,15,False
3,40,8acp7r02,19,tt_norms,BeliefInstructions,1554881723,27,15,False
3,40,8acp7r02,20,tt_norms,Beliefs,1554881783,60,15,False
3,40,8acp7r02,21,wordscra,Task,1554881923,140,3,False
3,40,8acp7r02,22,postexp,Risk,1554881933,10,3,False
3,40,8acp7r02,23,postexp,Pref1,1554882007,74,3,False
3,40,8acp7r02,24,postexp,Pref2,1554882040,33,3,False
3,40,8acp7r02,25,postexp,Demographics,1554882104,64,3,False
3,41,c5iwiu42,1,tt_norms,Instructions,1554881928,378,11,False
3,41,c5iwiu42,2,tt_norms,Task,1554881993,65,11,False
3,41,c5iwiu42,6,tt_norms,Task,1554882031,38,12,False
3,41,c5iwiu42,10,tt_norms,Task,1554882046,15,13,False
3,41,c5iwiu42,14,tt_norms,Task,1554882060,14,14,False
3,41,c5iwiu42,18,tt_norms,Task,1554882068,8,15,False
3,41,c5iwiu42,19,tt_norms,BeliefInstructions,1554882082,14,15,False
3,41,c5iwiu42,20,tt_norms,Beliefs,1554882115,33,15,False
3,41,c5iwiu42,21,wordscra,Task,1554882162,47,3,False
3,41,c5iwiu42,22,postexp,Risk,1554882172,10,3,False
3,41,c5iwiu42,23,postexp,Pref1,1554882207,35,3,False
3,41,c5iwiu42,24,postexp,Pref2,1554882221,14,3,False
3,41,c5iwiu42,25,postexp,Demographics,1554882273,52,3,False
3,42,kio35wgn,1,tt_norms,Instructions,1554883687,1309,11,False
3,42,kio35wgn,2,tt_norms,Task,1554883778,91,11,False
3,42,kio35wgn,6,tt_norms,Task,1554883802,24,12,False
3,42,kio35wgn,10,tt_norms,Task,1554883825,23,13,False
3,42,kio35wgn,14,tt_norms,Task,1554883838,13,14,False
3,42,kio35wgn,18,tt_norms,Task,1554883864,26,15,False
3,42,kio35wgn,19,tt_norms,BeliefInstructions,1554883882,18,15,False
3,42,kio35wgn,20,tt_norms,Beliefs,1554883969,87,15,False
3,42,kio35wgn,21,wordscra,Task,1554884119,150,3,False
3,42,kio35wgn,22,postexp,Risk,1554884133,14,3,False
3,42,kio35wgn,23,postexp,Pref1,1554884233,100,3,False
3,42,kio35wgn,24,postexp,Pref2,1554884271,38,3,False
3,42,kio35wgn,25,postexp,Demographics,1554884321,50,3,False
3,43,99stdrlu,1,tt_norms,Instructions,1554883928,163,11,False
3,43,99stdrlu,2,tt_norms,Task,1554884128,200,11,False
3,43,99stdrlu,6,tt_norms,Task,1554884174,46,12,False
3,43,99stdrlu,10,tt_norms,Task,1554884211,37,13,False
3,43,99stdrlu,14,tt_norms,Task,1554884234,23,14,False
3,43,99stdrlu,18,tt_norms,Task,1554884286,52,15,False
3,43,99stdrlu,19,tt_norms,BeliefInstructions,1554884332,46,15,False
3,43,99stdrlu,20,tt_norms,Beliefs,1554884561,229,15,False
3,43,99stdrlu,21,wordscra,Task,1554884643,82,3,False
3,43,99stdrlu,22,postexp,Risk,1554884656,13,3,False
3,43,99stdrlu,23,postexp,Pref1,1554884737,81,3,False
3,43,99stdrlu,24,postexp,Pref2,1554884775,38,3,False
3,43,99stdrlu,25,postexp,Demographics,1554884853,78,3,False
3,44,vunpn1r2,1,tt_norms,Instructions,1554887914,3045,11,False
3,44,vunpn1r2,2,tt_norms,Task,1554887997,83,11,False
3,44,vunpn1r2,6,tt_norms,Task,1554888012,15,12,False
3,44,vunpn1r2,10,tt_norms,Task,1554888031,19,13,False
3,44,vunpn1r2,14,tt_norms,Task,1554888040,9,14,False
3,44,vunpn1r2,18,tt_norms,Task,1554888052,12,15,False
3,44,vunpn1r2,19,tt_norms,BeliefInstructions,1554888081,29,15,False
3,44,vunpn1r2,20,tt_norms,Beliefs,1554888124,43,15,False
3,44,vunpn1r2,21,wordscra,Task,1554888319,195,3,False
3,44,vunpn1r2,22,postexp,Risk,1554888328,9,3,False
3,44,vunpn1r2,23,postexp,Pref1,1554888368,40,3,False
3,44,vunpn1r2,24,postexp,Pref2,1554888394,26,3,False
3,44,vunpn1r2,25,postexp,Demographics,1554888436,42,3,False
3,45,5xj84sat,1,tt_norms,Instructions,1554885263,184,11,False
3,45,5xj84sat,2,tt_norms,Task,1554885416,153,11,False
3,45,5xj84sat,6,tt_norms,Task,1554885454,38,12,False
3,45,5xj84sat,10,tt_norms,Task,1554885472,18,13,False
3,45,5xj84sat,14,tt_norms,Task,1554885497,25,14,False
3,45,5xj84sat,18,tt_norms,Task,1554885518,21,15,False
3,45,5xj84sat,19,tt_norms,BeliefInstructions,1554885543,25,15,False
3,45,5xj84sat,20,tt_norms,Beliefs,1554885602,59,15,False
3,45,5xj84sat,21,wordscra,Task,1554885734,132,3,False
3,45,5xj84sat,22,postexp,Risk,1554885746,12,3,False
3,45,5xj84sat,23,postexp,Pref1,1554885796,50,3,False
3,45,5xj84sat,24,postexp,Pref2,1554885824,28,3,False
3,45,5xj84sat,25,postexp,Demographics,1554885889,65,3,False
3,46,lzrx2j2e,1,tt_norms,Instructions,1554885689,39,11,False
3,46,lzrx2j2e,2,tt_norms,Task,1554885772,83,11,False
3,46,lzrx2j2e,6,tt_norms,Task,1554885787,15,12,False
3,46,lzrx2j2e,10,tt_norms,Task,1554885802,15,13,False
3,46,lzrx2j2e,14,tt_norms,Task,1554885843,41,14,False
3,46,lzrx2j2e,18,tt_norms,Task,1554885850,7,15,False
3,46,lzrx2j2e,19,tt_norms,BeliefInstructions,1554885873,23,15,False
3,46,lzrx2j2e,20,tt_norms,Beliefs,1554885903,30,15,False
3,46,lzrx2j2e,21,wordscra,Task,1554885957,54,3,False
3,46,lzrx2j2e,22,postexp,Risk,1554885966,9,3,False
3,46,lzrx2j2e,23,postexp,Pref1,1554886010,44,3,False
3,46,lzrx2j2e,24,postexp,Pref2,1554886029,19,3,False
3,46,lzrx2j2e,25,postexp,Demographics,1554886094,65,3,False
3,47,c3k9vo0z,1,tt_norms,Instructions,1554885938,101,11,False
3,47,c3k9vo0z,2,tt_norms,Task,1554886018,80,11,False
3,47,c3k9vo0z,6,tt_norms,Task,1554886037,19,12,False
3,47,c3k9vo0z,10,tt_norms,Task,1554886060,23,13,False
3,47,c3k9vo0z,14,tt_norms,Task,1554886073,13,14,False
3,47,c3k9vo0z,18,tt_norms,Task,1554886087,14,15,False
3,47,c3k9vo0z,19,tt_norms,BeliefInstructions,1554886109,22,15,False
3,47,c3k9vo0z,20,tt_norms,Beliefs,1554886156,47,15,False
3,47,c3k9vo0z,21,wordscra,Task,1554886238,82,3,False
3,47,c3k9vo0z,22,postexp,Risk,1554886252,14,3,False
3,47,c3k9vo0z,23,postexp,Pref1,1554886293,41,3,False
3,47,c3k9vo0z,24,postexp,Pref2,1554886316,23,3,False
3,47,c3k9vo0z,25,postexp,Demographics,1554886348,32,3,False
3,48,auj75mez,1,tt_norms,Instructions,1554886087,48,11,False
3,48,auj75mez,2,tt_norms,Task,1554886189,102,11,False
3,48,auj75mez,6,tt_norms,Task,1554886217,28,12,False
3,48,auj75mez,10,tt_norms,Task,1554886230,13,13,False
3,48,auj75mez,14,tt_norms,Task,1554886243,13,14,False
3,48,auj75mez,18,tt_norms,Task,1554886253,10,15,False
3,48,auj75mez,19,tt_norms,BeliefInstructions,1554886272,19,15,False
3,48,auj75mez,20,tt_norms,Beliefs,1554886312,40,15,False
3,48,auj75mez,21,wordscra,Task,1554886368,56,3,False
3,48,auj75mez,22,postexp,Risk,1554886382,14,3,False
3,48,auj75mez,23,postexp,Pref1,1554886431,49,3,False
3,48,auj75mez,24,postexp,Pref2,1554886462,31,3,False
3,48,auj75mez,25,postexp,Demographics,1554886542,80,3,False
3,49,hxse9c5h,1,tt_norms,Instructions,1554886536,392,11,False
3,49,hxse9c5h,2,tt_norms,Task,1554886666,130,11,False
3,49,hxse9c5h,6,tt_norms,Task,1554886691,25,12,False
3,49,hxse9c5h,10,tt_norms,Task,1554886710,19,13,False
3,49,hxse9c5h,14,tt_norms,Task,1554886720,10,14,False
3,49,hxse9c5h,18,tt_norms,Task,1554886726,6,15,False
3,49,hxse9c5h,19,tt_norms,BeliefInstructions,1554886737,11,15,False
3,49,hxse9c5h,20,tt_norms,Beliefs,1554886776,39,15,False
3,49,hxse9c5h,21,wordscra,Task,1554886850,74,3,False
3,49,hxse9c5h,22,postexp,Risk,1554886858,8,3,False
3,49,hxse9c5h,23,postexp,Pref1,1554886897,39,3,False
3,49,hxse9c5h,24,postexp,Pref2,1554886923,26,3,False
3,49,hxse9c5h,25,postexp,Demographics,1554887008,85,3,False
3,50,gzbwr0aa,1,tt_norms,Instructions,1554886610,171,11,False
3,50,gzbwr0aa,2,tt_norms,Task,1554887238,628,11,False
3,50,gzbwr0aa,6,tt_norms,Task,1554887532,294,12,False
3,50,gzbwr0aa,10,tt_norms,Task,1554887597,65,13,False
3,50,gzbwr0aa,14,tt_norms,Task,1554887753,156,14,False
3,50,gzbwr0aa,18,tt_norms,Task,1554887815,62,15,False
3,50,gzbwr0aa,19,tt_norms,BeliefInstructions,1554887839,24,15,False
3,50,gzbwr0aa,20,tt_norms,Beliefs,1554890229,2390,15,False
3,50,gzbwr0aa,21,wordscra,Task,1554890346,117,3,False
3,50,gzbwr0aa,22,postexp,Risk,1554890365,19,3,False
3,50,gzbwr0aa,23,postexp,Pref1,1554890452,87,3,False
3,50,gzbwr0aa,24,postexp,Pref2,1554890470,18,3,False
3,50,gzbwr0aa,25,postexp,Demographics,1554890529,59,3,False
3,51,708vblj2,1,tt_norms,Instructions,1554888366,53,11,False
3,51,708vblj2,2,tt_norms,Task,1554888706,340,11,False
3,51,708vblj2,6,tt_norms,Task,1554888787,81,12,False
3,51,708vblj2,10,tt_norms,Task,1554888798,11,13,False
3,51,708vblj2,14,tt_norms,Task,1554888806,8,14,False
3,51,708vblj2,18,tt_norms,Task,1554888844,38,15,False
3,51,708vblj2,19,tt_norms,BeliefInstructions,1554888850,6,15,False
3,51,708vblj2,20,tt_norms,Beliefs,1554888895,45,15,False
3,51,708vblj2,21,wordscra,Task,1554888994,99,3,False
3,51,708vblj2,22,postexp,Risk,1554889027,33,3,False
3,51,708vblj2,23,postexp,Pref1,1554889037,10,3,False
3,51,708vblj2,24,postexp,Pref2,1554889042,5,3,False
3,51,708vblj2,25,postexp,Demographics,1554889088,46,3,False
3,52,tcb7z6kw,1,tt_norms,Instructions,1554888716,103,11,False
3,52,tcb7z6kw,2,tt_norms,Task,1554888779,63,11,False
3,52,tcb7z6kw,6,tt_norms,Task,1554888790,11,12,False
3,52,tcb7z6kw,10,tt_norms,Task,1554888799,9,13,False
3,52,tcb7z6kw,14,tt_norms,Task,1554888807,8,14,False
3,52,tcb7z6kw,18,tt_norms,Task,1554888816,9,15,False
3,52,tcb7z6kw,19,tt_norms,BeliefInstructions,1554888838,22,15,False
3,52,tcb7z6kw,20,tt_norms,Beliefs,1554888881,43,15,False
3,52,tcb7z6kw,21,wordscra,Task,1554888992,111,3,False
3,52,tcb7z6kw,22,postexp,Risk,1554888999,7,3,False
3,52,tcb7z6kw,23,postexp,Pref1,1554889037,38,3,False
3,52,tcb7z6kw,24,postexp,Pref2,1554889055,18,3,False
3,52,tcb7z6kw,25,postexp,Demographics,1554889117,62,3,False
3,53,swpybghs,1,tt_norms,Instructions,1554888827,45,11,False
3,53,swpybghs,2,tt_norms,Task,1554888920,93,11,False
3,53,swpybghs,6,tt_norms,Task,1554888934,14,12,False
3,53,swpybghs,10,tt_norms,Task,1554888940,6,13,False
3,53,swpybghs,14,tt_norms,Task,1554888947,7,14,False
3,53,swpybghs,18,tt_norms,Task,1554888958,11,15,False
3,53,swpybghs,19,tt_norms,BeliefInstructions,1554888967,9,15,False
3,53,swpybghs,20,tt_norms,Beliefs,1554889010,43,15,False
3,53,swpybghs,21,wordscra,Task,1554889042,32,3,False
3,53,swpybghs,22,postexp,Risk,1554889050,8,3,False
3,53,swpybghs,23,postexp,Pref1,1554889084,34,3,False
3,53,swpybghs,24,postexp,Pref2,1554889098,14,3,False
3,53,swpybghs,25,postexp,Demographics,1554889121,23,3,False
3,54,za29lef3,1,tt_norms,Instructions,1554889482,84,11,False
3,54,za29lef3,2,tt_norms,Task,1554889592,110,11,False
3,54,za29lef3,6,tt_norms,Task,1554889666,74,12,False
3,54,za29lef3,10,tt_norms,Task,1554889715,49,13,False
3,54,za29lef3,14,tt_norms,Task,1554889749,34,14,False
3,54,za29lef3,18,tt_norms,Task,1554889760,11,15,False
3,54,za29lef3,19,tt_norms,BeliefInstructions,1554889815,55,15,False
3,54,za29lef3,20,tt_norms,Beliefs,1554889983,168,15,False
3,54,za29lef3,21,wordscra,Task,1554890462,479,3,False
3,54,za29lef3,22,postexp,Risk,1554890481,19,3,False
3,54,za29lef3,23,postexp,Pref1,1554890536,55,3,False
3,54,za29lef3,24,postexp,Pref2,1554890571,35,3,False
3,54,za29lef3,25,postexp,Demographics,1554890640,69,3,False
3,55,94ckrh2a,1,tt_norms,Instructions,1554890162,9,11,False
3,55,94ckrh2a,2,tt_norms,Task,1554890308,146,11,False
3,55,94ckrh2a,6,tt_norms,Task,1554890317,9,12,False
3,55,94ckrh2a,10,tt_norms,Task,1554890328,11,13,False
3,55,94ckrh2a,14,tt_norms,Task,1554890337,9,14,False
3,55,94ckrh2a,18,tt_norms,Task,1554890348,11,15,False
3,55,94ckrh2a,19,tt_norms,BeliefInstructions,1554890352,4,15,False
3,55,94ckrh2a,20,tt_norms,Beliefs,1554890404,52,15,False
3,55,94ckrh2a,21,wordscra,Task,1554890485,81,3,False
3,55,94ckrh2a,22,postexp,Risk,1554890496,11,3,False
3,55,94ckrh2a,23,postexp,Pref1,1554890530,34,3,False
3,55,94ckrh2a,24,postexp,Pref2,1554890555,25,3,False
3,55,94ckrh2a,25,postexp,Demographics,1554890592,37,3,False
3,56,zc1l6qqu,1,tt_norms,Instructions,1554897886,100,11,False
3,56,zc1l6qqu,2,tt_norms,Task,1554897987,101,11,False
3,56,zc1l6qqu,6,tt_norms,Task,1554898031,44,12,False
3,56,zc1l6qqu,10,tt_norms,Task,1554898050,19,13,False
3,56,zc1l6qqu,14,tt_norms,Task,1554898070,20,14,False
3,56,zc1l6qqu,18,tt_norms,Task,1554898111,41,15,False
3,56,zc1l6qqu,19,tt_norms,BeliefInstructions,1554898141,30,15,False
3,56,zc1l6qqu,20,tt_norms,Beliefs,1554898197,56,15,False
3,56,zc1l6qqu,21,wordscra,Task,1554898271,74,3,False
3,56,zc1l6qqu,22,postexp,Risk,1554898285,14,3,False
3,56,zc1l6qqu,23,postexp,Pref1,1554898331,46,3,False
3,56,zc1l6qqu,24,postexp,Pref2,1554898363,32,3,False
3,56,zc1l6qqu,25,postexp,Demographics,1554898418,55,3,False
3,57,r1hkgk4c,1,tt_norms,Instructions,1554907451,123,11,False
3,57,r1hkgk4c,2,tt_norms,Task,1554907566,115,11,False
3,57,r1hkgk4c,6,tt_norms,Task,1554907619,53,12,False
3,57,r1hkgk4c,10,tt_norms,Task,1554907640,21,13,False
3,57,r1hkgk4c,14,tt_norms,Task,1554907652,12,14,False
3,57,r1hkgk4c,18,tt_norms,Task,1554907670,18,15,False
3,57,r1hkgk4c,19,tt_norms,BeliefInstructions,1554907692,22,15,False
3,57,r1hkgk4c,20,tt_norms,Beliefs,1554907737,45,15,False
3,57,r1hkgk4c,21,wordscra,Task,1554908034,297,3,False
3,57,r1hkgk4c,22,postexp,Risk,1554908049,15,3,False
3,57,r1hkgk4c,23,postexp,Pref1,1554908103,54,3,False
3,57,r1hkgk4c,24,postexp,Pref2,1554908124,21,3,False
3,57,r1hkgk4c,25,postexp,Demographics,1554908270,146,3,False
3,58,mu7d7evw,1,tt_norms,Instructions,1554908427,82,11,False
3,58,mu7d7evw,2,tt_norms,Task,1554908483,56,11,False
3,58,mu7d7evw,6,tt_norms,Task,1554908520,37,12,False
3,58,mu7d7evw,10,tt_norms,Task,1554908543,23,13,False
3,58,mu7d7evw,14,tt_norms,Task,1554908576,33,14,False
3,58,mu7d7evw,18,tt_norms,Task,1554908587,11,15,False
3,58,mu7d7evw,19,tt_norms,BeliefInstructions,1554908600,13,15,False
3,58,mu7d7evw,20,tt_norms,Beliefs,1554908641,41,15,False
3,58,mu7d7evw,21,wordscra,Task,1554908749,108,3,False
3,58,mu7d7evw,22,postexp,Risk,1554908762,13,3,False
3,58,mu7d7evw,23,postexp,Pref1,1554908796,34,3,False
3,58,mu7d7evw,24,postexp,Pref2,1554908818,22,3,False
3,58,mu7d7evw,25,postexp,Demographics,1554908849,31,3,False
3,59,w39armfu,1,tt_norms,Instructions,1554910557,85,11,False
3,59,w39armfu,2,tt_norms,Task,1554910646,89,11,False
3,59,w39armfu,6,tt_norms,Task,1554910675,29,12,False
3,59,w39armfu,10,tt_norms,Task,1554910688,13,13,False
3,59,w39armfu,14,tt_norms,Task,1554910699,11,14,False
3,59,w39armfu,18,tt_norms,Task,1554910719,20,15,False
3,59,w39armfu,19,tt_norms,BeliefInstructions,1554910742,23,15,False
3,59,w39armfu,20,tt_norms,Beliefs,1554910800,58,15,False
3,59,w39armfu,21,wordscra,Task,1554910869,69,3,False
3,59,w39armfu,22,postexp,Risk,1554910880,11,3,False
3,59,w39armfu,23,postexp,Pref1,1554910945,65,3,False
3,59,w39armfu,24,postexp,Pref2,1554910969,24,3,False
3,59,w39armfu,25,postexp,Demographics,1554911011,42,3,False
3,61,dqd2gysw,1,tt_norms,Instructions,1554912167,310,11,False
3,61,dqd2gysw,2,tt_norms,Task,1554912268,101,11,False
3,61,dqd2gysw,6,tt_norms,Task,1554912313,45,12,False
3,61,dqd2gysw,10,tt_norms,Task,1554912337,24,13,False
3,61,dqd2gysw,14,tt_norms,Task,1554912362,25,14,False
3,61,dqd2gysw,18,tt_norms,Task,1554912392,30,15,False
3,61,dqd2gysw,19,tt_norms,BeliefInstructions,1554912410,18,15,False
3,61,dqd2gysw,20,tt_norms,Beliefs,1554912471,61,15,False
3,61,dqd2gysw,21,wordscra,Task,1554912653,182,3,False
3,61,dqd2gysw,22,postexp,Risk,1554912666,13,3,False
3,61,dqd2gysw,23,postexp,Pref1,1554912717,51,3,False
3,61,dqd2gysw,24,postexp,Pref2,1554912742,25,3,False
3,61,dqd2gysw,25,postexp,Demographics,1554912832,90,3,False
3,62,mlyvv07t,1,tt_norms,Instructions,1554914433,88,11,False
3,62,mlyvv07t,2,tt_norms,Task,1554914532,99,11,False
3,62,mlyvv07t,6,tt_norms,Task,1554914578,46,12,False
3,62,mlyvv07t,10,tt_norms,Task,1554914617,39,13,False
3,62,mlyvv07t,14,tt_norms,Task,1554914633,16,14,False
3,62,mlyvv07t,18,tt_norms,Task,1554914646,13,15,False
3,62,mlyvv07t,19,tt_norms,BeliefInstructions,1554914682,36,15,False
3,62,mlyvv07t,20,tt_norms,Beliefs,1554914795,113,15,False
3,62,mlyvv07t,21,wordscra,Task,1554915042,247,3,False
3,62,mlyvv07t,22,postexp,Risk,1554915058,16,3,False
3,62,mlyvv07t,23,postexp,Pref1,1554915092,34,3,False
3,62,mlyvv07t,24,postexp,Pref2,1554915118,26,3,False
3,62,mlyvv07t,25,postexp,Demographics,1554915202,84,3,False
3,63,m2m7wi6d,1,tt_norms,Instructions,1554980886,154,11,False
3,63,m2m7wi6d,2,tt_norms,Task,1554981195,309,11,False
3,63,m2m7wi6d,6,tt_norms,Task,1554981224,29,12,False
3,63,m2m7wi6d,10,tt_norms,Task,1554981235,11,13,False
3,63,m2m7wi6d,14,tt_norms,Task,1554981245,10,14,False
3,63,m2m7wi6d,18,tt_norms,Task,1554981253,8,15,False
3,63,m2m7wi6d,19,tt_norms,BeliefInstructions,1554981272,19,15,False
3,63,m2m7wi6d,20,tt_norms,Beliefs,1554981299,27,15,False
3,63,m2m7wi6d,21,wordscra,Task,1554981368,69,3,False
3,63,m2m7wi6d,22,postexp,Risk,1554981377,9,3,False
3,63,m2m7wi6d,23,postexp,Pref1,1554981433,56,3,False
3,63,m2m7wi6d,24,postexp,Pref2,1554981465,32,3,False
3,63,m2m7wi6d,25,postexp,Demographics,1554981512,47,3,False
3,64,y4zc7tld,1,tt_norms,Instructions,1554981279,181,11,False
3,64,y4zc7tld,2,tt_norms,Task,1554981436,157,11,False
3,64,y4zc7tld,6,tt_norms,Task,1554981459,23,12,False
3,64,y4zc7tld,10,tt_norms,Task,1554981470,11,13,False
3,64,y4zc7tld,14,tt_norms,Task,1554981476,6,14,False
3,64,y4zc7tld,18,tt_norms,Task,1554981483,7,15,False
3,64,y4zc7tld,19,tt_norms,BeliefInstructions,1554981520,37,15,False
3,64,y4zc7tld,20,tt_norms,Beliefs,1554981590,70,15,False
3,64,y4zc7tld,21,wordscra,Task,1554981803,213,3,False
3,64,y4zc7tld,22,postexp,Risk,1554981815,12,3,False
3,64,y4zc7tld,23,postexp,Pref1,1554981884,69,3,False
3,64,y4zc7tld,24,postexp,Pref2,1554981912,28,3,False
3,64,y4zc7tld,25,postexp,Demographics,1554981943,31,3,False
3,65,uilafbgr,1,tt_norms,Instructions,1554982831,106,11,False
3,65,uilafbgr,2,tt_norms,Task,1554982906,75,11,False
3,65,uilafbgr,6,tt_norms,Task,1554982946,40,12,False
3,65,uilafbgr,10,tt_norms,Task,1554982954,8,13,False
3,65,uilafbgr,14,tt_norms,Task,1554982960,6,14,False
3,65,uilafbgr,18,tt_norms,Task,1554982970,10,15,False
3,65,uilafbgr,19,tt_norms,BeliefInstructions,1554982981,11,15,False
3,65,uilafbgr,20,tt_norms,Beliefs,1554982996,15,15,False
3,65,uilafbgr,21,wordscra,Task,1554983067,71,3,False
3,65,uilafbgr,22,postexp,Risk,1554983076,9,3,False
3,65,uilafbgr,23,postexp,Pref1,1554983084,8,3,False
3,65,uilafbgr,24,postexp,Pref2,1554983090,6,3,False
3,65,uilafbgr,25,postexp,Demographics,1554983141,51,3,False
3,66,wqn03hjt,1,tt_norms,Instructions,1554993357,27,11,False
3,66,wqn03hjt,2,tt_norms,Task,1554993384,27,11,False
3,66,wqn03hjt,6,tt_norms,Task,1554993400,16,12,False
3,66,wqn03hjt,10,tt_norms,Task,1554993419,19,13,False
3,66,wqn03hjt,14,tt_norms,Task,1554993435,16,14,False
3,66,wqn03hjt,18,tt_norms,Task,1554993456,21,15,False
3,66,wqn03hjt,19,tt_norms,BeliefInstructions,1554993467,11,15,False
3,66,wqn03hjt,20,tt_norms,Beliefs,1554993532,65,15,False
3,66,wqn03hjt,21,wordscra,Task,1554993619,87,3,False
3,66,wqn03hjt,22,postexp,Risk,1554993635,16,3,False
3,66,wqn03hjt,23,postexp,Pref1,1554993676,41,3,False
3,66,wqn03hjt,24,postexp,Pref2,1554993702,26,3,False
3,66,wqn03hjt,25,postexp,Demographics,1554993791,89,3,False
3,67,ab738p90,1,tt_norms,Instructions,1554995387,82,11,False
3,67,ab738p90,2,tt_norms,Task,1554995761,374,11,False
3,67,ab738p90,6,tt_norms,Task,1554995803,42,12,False
3,67,ab738p90,10,tt_norms,Task,1554995835,32,13,False
3,67,ab738p90,14,tt_norms,Task,1554995849,14,14,False
3,67,ab738p90,18,tt_norms,Task,1554995859,10,15,False
3,67,ab738p90,19,tt_norms,BeliefInstructions,1554995863,4,15,False
3,67,ab738p90,20,tt_norms,Beliefs,1554995971,108,15,False
3,67,ab738p90,21,wordscra,Task,1554996031,60,3,False
3,67,ab738p90,22,postexp,Risk,1554996053,22,3,False
3,67,ab738p90,23,postexp,Pref1,1554996155,102,3,False
3,67,ab738p90,24,postexp,Pref2,1554996198,43,3,False
3,67,ab738p90,25,postexp,Demographics,1554996281,83,3,False
3,68,z4kblw3j,1,tt_norms,Instructions,1554997029,133,11,False
3,68,z4kblw3j,2,tt_norms,Task,1554997124,95,11,False
3,68,z4kblw3j,6,tt_norms,Task,1554997164,40,12,False
3,68,z4kblw3j,10,tt_norms,Task,1554997183,19,13,False
3,68,z4kblw3j,14,tt_norms,Task,1554997188,5,14,False
3,68,z4kblw3j,18,tt_norms,Task,1554997202,14,15,False
3,68,z4kblw3j,19,tt_norms,BeliefInstructions,1554997231,29,15,False
3,68,z4kblw3j,20,tt_norms,Beliefs,1554997283,52,15,False
3,68,z4kblw3j,21,wordscra,Task,1554997370,87,3,False
3,68,z4kblw3j,22,postexp,Risk,1554997378,8,3,False
3,68,z4kblw3j,23,postexp,Pref1,1554997410,32,3,False
3,68,z4kblw3j,24,postexp,Pref2,1554997428,18,3,False
3,68,z4kblw3j,25,postexp,Demographics,1554997465,37,3,False
3,70,azp8t014,1,tt_norms,Instructions,1555015500,68,11,False
3,70,azp8t014,2,tt_norms,Task,1555015765,265,11,False
3,70,azp8t014,6,tt_norms,Task,1555015791,26,12,False
3,70,azp8t014,10,tt_norms,Task,1555015802,11,13,False
3,70,azp8t014,14,tt_norms,Task,1555015812,10,14,False
3,70,azp8t014,18,tt_norms,Task,1555015820,8,15,False
3,70,azp8t014,19,tt_norms,BeliefInstructions,1555015857,37,15,False
3,70,azp8t014,20,tt_norms,Beliefs,1555015921,64,15,False
3,70,azp8t014,21,wordscra,Task,1555016102,181,3,False
3,70,azp8t014,22,postexp,Risk,1555016117,15,3,False
3,70,azp8t014,23,postexp,Pref1,1555016212,95,3,False
3,70,azp8t014,24,postexp,Pref2,1555016325,113,3,False
3,70,azp8t014,25,postexp,Demographics,1555016389,64,3,False
3,71,zj72l4zs,1,tt_norms,Instructions,1555053489,22,11,False
3,71,zj72l4zs,2,tt_norms,Task,1555053601,112,11,False
3,71,zj72l4zs,6,tt_norms,Task,1555053683,82,12,False
3,71,zj72l4zs,10,tt_norms,Task,1555053719,36,13,False
3,71,zj72l4zs,14,tt_norms,Task,1555053746,27,14,False
3,71,zj72l4zs,18,tt_norms,Task,1555053767,21,15,False
3,71,zj72l4zs,19,tt_norms,BeliefInstructions,1555053783,16,15,False
3,71,zj72l4zs,20,tt_norms,Beliefs,1555053843,60,15,False
3,71,zj72l4zs,21,wordscra,Task,1555054328,485,3,False
3,71,zj72l4zs,22,postexp,Risk,1555054342,14,3,False
3,71,zj72l4zs,23,postexp,Pref1,1555054374,32,3,False
3,71,zj72l4zs,24,postexp,Pref2,1555054395,21,3,False
3,71,zj72l4zs,25,postexp,Demographics,1555054424,29,3,False
3,72,tgp2cbdh,1,tt_norms,Instructions,1555059727,86,11,False
3,72,tgp2cbdh,2,tt_norms,Task,1555059807,80,11,False
3,72,tgp2cbdh,6,tt_norms,Task,1555059849,42,12,False
3,72,tgp2cbdh,10,tt_norms,Task,1555059913,64,13,False
3,72,tgp2cbdh,14,tt_norms,Task,1555059968,55,14,False
3,72,tgp2cbdh,18,tt_norms,Task,1555059986,18,15,False
3,72,tgp2cbdh,19,tt_norms,BeliefInstructions,1555060004,18,15,False
3,72,tgp2cbdh,20,tt_norms,Beliefs,1555060062,58,15,False
3,72,tgp2cbdh,21,wordscra,Task,1555060117,55,3,False
3,72,tgp2cbdh,22,postexp,Risk,1555060131,14,3,False
3,72,tgp2cbdh,23,postexp,Pref1,1555060188,57,3,False
3,72,tgp2cbdh,24,postexp,Pref2,1555060212,24,3,False
3,72,tgp2cbdh,25,postexp,Demographics,1555060251,39,3,False
3,73,i0bqy8kq,1,tt_norms,Instructions,1555162271,258,11,False
3,73,i0bqy8kq,2,tt_norms,Task,1555162444,173,11,False
3,73,i0bqy8kq,6,tt_norms,Task,1555162519,75,12,False
3,73,i0bqy8kq,10,tt_norms,Task,1555162548,29,13,False
3,73,i0bqy8kq,14,tt_norms,Task,1555162571,23,14,False
3,73,i0bqy8kq,18,tt_norms,Task,1555162598,27,15,False
3,73,i0bqy8kq,19,tt_norms,BeliefInstructions,1555162626,28,15,False
3,73,i0bqy8kq,20,tt_norms,Beliefs,1555162711,85,15,False
3,73,i0bqy8kq,21,wordscra,Task,1555162772,61,3,False
3,73,i0bqy8kq,22,postexp,Risk,1555162792,20,3,False
3,73,i0bqy8kq,23,postexp,Pref1,1555162894,102,3,False
3,73,i0bqy8kq,24,postexp,Pref2,1555162938,44,3,False
3,73,i0bqy8kq,25,postexp,Demographics,1555163084,146,3,False
3,75,m0iwzcgf,1,tt_norms,Instructions,1555175319,150,11,False
3,75,m0iwzcgf,2,tt_norms,Task,1555175419,100,11,False
3,75,m0iwzcgf,6,tt_norms,Task,1555175446,27,12,False
3,75,m0iwzcgf,10,tt_norms,Task,1555175469,23,13,False
3,75,m0iwzcgf,14,tt_norms,Task,1555175486,17,14,False
3,75,m0iwzcgf,18,tt_norms,Task,1555175501,15,15,False
3,75,m0iwzcgf,19,tt_norms,BeliefInstructions,1555175530,29,15,False
3,75,m0iwzcgf,20,tt_norms,Beliefs,1555175624,94,15,False
3,75,m0iwzcgf,21,wordscra,Task,1555175848,224,3,False
3,75,m0iwzcgf,22,postexp,Risk,1555175867,19,3,False
3,75,m0iwzcgf,23,postexp,Pref1,1555175935,68,3,False
3,75,m0iwzcgf,24,postexp,Pref2,1555175968,33,3,False
3,75,m0iwzcgf,25,postexp,Demographics,1555176007,39,3,False
3,76,dl7vemmk,1,tt_norms,Instructions,1555244834,176,11,False
3,76,dl7vemmk,2,tt_norms,Task,1555244980,146,11,False
3,76,dl7vemmk,6,tt_norms,Task,1555245017,37,12,False
3,76,dl7vemmk,10,tt_norms,Task,1555245030,13,13,False
3,76,dl7vemmk,14,tt_norms,Task,1555245053,23,14,False
3,76,dl7vemmk,18,tt_norms,Task,1555245064,11,15,False
3,76,dl7vemmk,19,tt_norms,BeliefInstructions,1555245087,23,15,False
3,76,dl7vemmk,20,tt_norms,Beliefs,1555245164,77,15,False
3,76,dl7vemmk,21,wordscra,Task,1555245345,181,3,False
3,76,dl7vemmk,22,postexp,Risk,1555245360,15,3,False
3,76,dl7vemmk,23,postexp,Pref1,1555245429,69,3,False
3,76,dl7vemmk,24,postexp,Pref2,1555245493,64,3,False
3,76,dl7vemmk,25,postexp,Demographics,1555245550,57,3,False
3,77,aw91kk61,1,tt_norms,Instructions,1555250083,98,11,False
3,77,aw91kk61,2,tt_norms,Task,1555250174,91,11,False
3,77,aw91kk61,6,tt_norms,Task,1555250194,20,12,False
3,77,aw91kk61,10,tt_norms,Task,1555250209,15,13,False
3,77,aw91kk61,14,tt_norms,Task,1555250221,12,14,False
3,77,aw91kk61,18,tt_norms,Task,1555250229,8,15,False
3,77,aw91kk61,19,tt_norms,BeliefInstructions,1555250231,2,15,False
3,77,aw91kk61,20,tt_norms,Beliefs,1555250277,46,15,False
3,77,aw91kk61,21,wordscra,Task,1555250362,85,3,False
3,77,aw91kk61,22,postexp,Risk,1555250374,12,3,False
3,77,aw91kk61,23,postexp,Pref1,1555250427,53,3,False
3,77,aw91kk61,24,postexp,Pref2,1555250453,26,3,False
3,77,aw91kk61,25,postexp,Demographics,1555250499,46,3,False
3,78,gqfhbwqa,1,tt_norms,Instructions,1555250354,30,11,False
3,78,gqfhbwqa,2,tt_norms,Task,1555250637,283,11,False
3,78,gqfhbwqa,6,tt_norms,Task,1555250688,51,12,False
3,78,gqfhbwqa,10,tt_norms,Task,1555250729,41,13,False
3,78,gqfhbwqa,14,tt_norms,Task,1555250741,12,14,False
3,78,gqfhbwqa,18,tt_norms,Task,1555250758,17,15,False
3,78,gqfhbwqa,19,tt_norms,BeliefInstructions,1555250762,4,15,False
3,78,gqfhbwqa,20,tt_norms,Beliefs,1555250850,88,15,False
3,78,gqfhbwqa,21,wordscra,Task,1555250993,143,3,False
3,78,gqfhbwqa,22,postexp,Risk,1555251003,10,3,False
3,78,gqfhbwqa,23,postexp,Pref1,1555251013,10,3,False
3,78,gqfhbwqa,24,postexp,Pref2,1555251024,11,3,False
3,78,gqfhbwqa,25,postexp,Demographics,1555251082,58,3,False
3,79,nv2esrz4,1,tt_norms,Instructions,1555254130,619,11,False
3,79,nv2esrz4,2,tt_norms,Task,1555254244,114,11,False
3,79,nv2esrz4,6,tt_norms,Task,1555254284,40,12,False
3,79,nv2esrz4,10,tt_norms,Task,1555254304,20,13,False
3,79,nv2esrz4,14,tt_norms,Task,1555254314,10,14,False
3,79,nv2esrz4,18,tt_norms,Task,1555254325,11,15,False
3,79,nv2esrz4,19,tt_norms,BeliefInstructions,1555254354,29,15,False
3,79,nv2esrz4,20,tt_norms,Beliefs,1555254429,75,15,False
3,79,nv2esrz4,21,wordscra,Task,1555254508,79,3,False
3,79,nv2esrz4,22,postexp,Risk,1555254523,15,3,False
3,79,nv2esrz4,23,postexp,Pref1,1555254580,57,3,False
3,79,nv2esrz4,24,postexp,Pref2,1555254616,36,3,False
3,79,nv2esrz4,25,postexp,Demographics,1555254817,201,3,False
3,81,y01231cx,1,tt_norms,Instructions,1555267699,500,11,False
3,81,y01231cx,2,tt_norms,Task,1555267805,106,11,False
3,81,y01231cx,6,tt_norms,Task,1555267816,11,12,False
3,81,y01231cx,10,tt_norms,Task,1555267827,11,13,False
3,81,y01231cx,14,tt_norms,Task,1555267833,6,14,False
3,81,y01231cx,18,tt_norms,Task,1555267840,7,15,False
3,81,y01231cx,19,tt_norms,BeliefInstructions,1555267848,8,15,False
3,81,y01231cx,20,tt_norms,Beliefs,1555267885,37,15,False
3,81,y01231cx,21,wordscra,Task,1555267927,42,3,False
3,81,y01231cx,22,postexp,Risk,1555267934,7,3,False
3,81,y01231cx,23,postexp,Pref1,1555267958,24,3,False
3,81,y01231cx,24,postexp,Pref2,1555267976,18,3,False
3,81,y01231cx,25,postexp,Demographics,1555268008,32,3,False
3,82,hs08nmwo,1,tt_norms,Instructions,1555268487,203,11,False
3,82,hs08nmwo,2,tt_norms,Task,1555268575,88,11,False
3,82,hs08nmwo,6,tt_norms,Task,1555268605,30,12,False
3,82,hs08nmwo,10,tt_norms,Task,1555268614,9,13,False
3,82,hs08nmwo,14,tt_norms,Task,1555268623,9,14,False
3,82,hs08nmwo,18,tt_norms,Task,1555268633,10,15,False
3,82,hs08nmwo,19,tt_norms,BeliefInstructions,1555268654,21,15,False
3,82,hs08nmwo,20,tt_norms,Beliefs,1555268720,66,15,False
3,82,hs08nmwo,21,wordscra,Task,1555268784,64,3,False
3,82,hs08nmwo,22,postexp,Risk,1555268796,12,3,False
3,82,hs08nmwo,23,postexp,Pref1,1555268840,44,3,False
3,82,hs08nmwo,24,postexp,Pref2,1555268868,28,3,False
3,82,hs08nmwo,25,postexp,Demographics,1555268906,38,3,False
3,83,0j183pvc,1,tt_norms,Instructions,1555269664,158,11,False
3,83,0j183pvc,2,tt_norms,Task,1555269806,142,11,False
3,83,0j183pvc,6,tt_norms,Task,1555269863,57,12,False
3,83,0j183pvc,10,tt_norms,Task,1555269879,16,13,False
3,83,0j183pvc,14,tt_norms,Task,1555269899,20,14,False
3,83,0j183pvc,18,tt_norms,Task,1555269927,28,15,False
3,83,0j183pvc,19,tt_norms,BeliefInstructions,1555269955,28,15,False
3,83,0j183pvc,20,tt_norms,Beliefs,1555270017,62,15,False
3,83,0j183pvc,21,wordscra,Task,1555270162,145,3,False
3,83,0j183pvc,22,postexp,Risk,1555270179,17,3,False
3,83,0j183pvc,23,postexp,Pref1,1555270237,58,3,False
3,83,0j183pvc,24,postexp,Pref2,1555270261,24,3,False
3,83,0j183pvc,25,postexp,Demographics,1555270303,42,3,False
3,84,ferexgk2,1,tt_norms,Instructions,1555273298,90,11,False
3,84,ferexgk2,2,tt_norms,Task,1555273398,100,11,False
3,84,ferexgk2,6,tt_norms,Task,1555273431,33,12,False
3,84,ferexgk2,10,tt_norms,Task,1555273446,15,13,False
3,84,ferexgk2,14,tt_norms,Task,1555273461,15,14,False
3,84,ferexgk2,18,tt_norms,Task,1555273469,8,15,False
3,84,ferexgk2,19,tt_norms,BeliefInstructions,1555273489,20,15,False
3,84,ferexgk2,20,tt_norms,Beliefs,1555273550,61,15,False
3,84,ferexgk2,21,wordscra,Task,1555273782,232,3,False
3,84,ferexgk2,22,postexp,Risk,1555273798,16,3,False
3,84,ferexgk2,23,postexp,Pref1,1555273870,72,3,False
3,84,ferexgk2,24,postexp,Pref2,1555273899,29,3,False
3,84,ferexgk2,25,postexp,Demographics,1555274025,126,3,False
