session_id,participant__id_in_session,participant__code,page_index,app_name,page_name,epoch_time,seconds_on_page,subsession_pk,auto_submitted
1,2,7kupem8g,1,tt,Instructions,1579010557,76,1,False
1,2,7kupem8g,2,tt,Task,1579010587,30,1,False
1,2,7kupem8g,3,tt,BeliefInstructions,1579010607,20,1,False
1,2,7kupem8g,4,tt,Beliefs,1579010648,41,1,False
1,2,7kupem8g,5,tt,Questions,1579010661,13,1,False
1,2,7kupem8g,6,wordscra,Task,1579010772,111,1,False
1,2,7kupem8g,7,postexp,Risk,1579010786,14,1,False
1,2,7kupem8g,8,postexp,Pref1,1579010826,40,1,False
1,2,7kupem8g,9,postexp,Pref2,1579010847,21,1,False
1,2,7kupem8g,10,postexp,Demographics,1579010888,41,1,False
1,2,7kupem8g,11,postexp,ResultsTask,1579010899,11,1,False
1,3,0jcu6j9b,1,tt,Instructions,1579010648,71,1,False
1,3,0jcu6j9b,2,tt,Task,1579010684,36,1,False
1,3,0jcu6j9b,3,tt,BeliefInstructions,1579010696,12,1,False
1,3,0jcu6j9b,4,tt,Beliefs,1579010728,32,1,False
1,3,0jcu6j9b,5,tt,Questions,1579010754,26,1,False
1,3,0jcu6j9b,6,wordscra,Task,1579010891,137,1,False
1,3,0jcu6j9b,7,postexp,Risk,1579010900,9,1,False
1,3,0jcu6j9b,8,postexp,Pref1,1579010940,40,1,False
1,3,0jcu6j9b,9,postexp,Pref2,1579010964,24,1,False
1,3,0jcu6j9b,10,postexp,Demographics,1579011027,63,1,False
1,3,0jcu6j9b,11,postexp,ResultsTask,1579011034,7,1,False
1,5,yo053rgn,1,tt,Instructions,1579010896,26,1,False
1,5,yo053rgn,2,tt,Task,1579012308,1412,1,False
1,5,yo053rgn,3,tt,BeliefInstructions,1579012327,19,1,False
1,5,yo053rgn,4,tt,Beliefs,1579012566,239,1,False
1,5,yo053rgn,5,tt,Questions,1579012593,27,1,False
1,5,yo053rgn,6,wordscra,Task,1579012952,359,1,False
1,5,yo053rgn,7,postexp,Risk,1579012976,24,1,False
1,5,yo053rgn,8,postexp,Pref1,1579013038,62,1,False
1,5,yo053rgn,9,postexp,Pref2,1579013086,48,1,False
1,5,yo053rgn,10,postexp,Demographics,1579013186,100,1,False
1,5,yo053rgn,11,postexp,ResultsTask,1579013208,22,1,False
1,6,kvqoe5iw,1,tt,Instructions,1579011059,186,1,False
1,6,kvqoe5iw,2,tt,Task,1579011115,56,1,False
1,6,kvqoe5iw,3,tt,BeliefInstructions,1579011190,75,1,False
1,6,kvqoe5iw,4,tt,Beliefs,1579011331,141,1,False
1,6,kvqoe5iw,5,tt,Questions,1579011373,42,1,False
1,6,kvqoe5iw,6,wordscra,Task,1579011509,136,1,False
1,6,kvqoe5iw,7,postexp,Risk,1579011523,14,1,False
1,6,kvqoe5iw,8,postexp,Pref1,1579011605,82,1,False
1,6,kvqoe5iw,9,postexp,Pref2,1579011686,81,1,False
1,6,kvqoe5iw,10,postexp,Demographics,1579012210,524,1,False
1,6,kvqoe5iw,11,postexp,ResultsTask,1579012228,18,1,False
1,7,2ohmguik,1,tt,Instructions,1579011920,48,1,False
1,7,2ohmguik,2,tt,Task,1579011959,39,1,False
1,7,2ohmguik,3,tt,BeliefInstructions,1579011973,14,1,False
1,7,2ohmguik,4,tt,Beliefs,1579012021,48,1,False
1,7,2ohmguik,5,tt,Questions,1579012037,16,1,False
1,7,2ohmguik,6,wordscra,Task,1579012101,64,1,False
1,7,2ohmguik,7,postexp,Risk,1579012110,9,1,False
1,7,2ohmguik,8,postexp,Pref1,1579012139,29,1,False
1,7,2ohmguik,9,postexp,Pref2,1579012152,13,1,False
1,7,2ohmguik,10,postexp,Demographics,1579012185,33,1,False
1,7,2ohmguik,11,postexp,ResultsTask,1579012199,14,1,False
1,8,01ulfz5u,1,tt,Instructions,1579012022,83,1,False
1,8,01ulfz5u,2,tt,Task,1579012057,35,1,False
1,8,01ulfz5u,3,tt,BeliefInstructions,1579012083,26,1,False
1,8,01ulfz5u,4,tt,Beliefs,1579012125,42,1,False
1,8,01ulfz5u,5,tt,Questions,1579012179,54,1,False
1,8,01ulfz5u,6,wordscra,Task,1579012346,167,1,False
1,8,01ulfz5u,7,postexp,Risk,1579012357,11,1,False
1,8,01ulfz5u,8,postexp,Pref1,1579012411,54,1,False
1,8,01ulfz5u,9,postexp,Pref2,1579012435,24,1,False
1,8,01ulfz5u,10,postexp,Demographics,1579012480,45,1,False
1,8,01ulfz5u,11,postexp,ResultsTask,1579012493,13,1,False
1,9,qju6691b,1,tt,Instructions,1579013550,313,1,False
1,9,qju6691b,2,tt,Task,1579013626,76,1,False
1,9,qju6691b,3,tt,BeliefInstructions,1579013640,14,1,False
1,9,qju6691b,4,tt,Beliefs,1579013687,47,1,False
1,9,qju6691b,5,tt,Questions,1579013709,22,1,False
1,9,qju6691b,6,wordscra,Task,1579013760,51,1,False
1,9,qju6691b,7,postexp,Risk,1579013771,11,1,False
1,9,qju6691b,8,postexp,Pref1,1579013813,42,1,False
1,9,qju6691b,9,postexp,Pref2,1579013838,25,1,False
1,9,qju6691b,10,postexp,Demographics,1579013884,46,1,False
1,9,qju6691b,11,postexp,ResultsTask,1579013903,19,1,False
1,10,pxfkr3wj,1,tt,Instructions,1579013341,90,1,False
1,10,pxfkr3wj,2,tt,Task,1579013366,25,1,False
1,10,pxfkr3wj,3,tt,BeliefInstructions,1579013388,22,1,False
1,10,pxfkr3wj,4,tt,Beliefs,1579013479,91,1,False
1,10,pxfkr3wj,5,tt,Questions,1579013497,18,1,False
1,10,pxfkr3wj,6,wordscra,Task,1579013556,59,1,False
1,10,pxfkr3wj,7,postexp,Risk,1579013564,8,1,False
1,10,pxfkr3wj,8,postexp,Pref1,1579013632,68,1,False
1,10,pxfkr3wj,9,postexp,Pref2,1579013663,31,1,False
1,10,pxfkr3wj,10,postexp,Demographics,1579013734,71,1,False
1,10,pxfkr3wj,11,postexp,ResultsTask,1579013743,9,1,False
1,12,u0m63z3l,1,tt,Instructions,1579015897,204,1,False
1,12,u0m63z3l,2,tt,Task,1579016064,167,1,False
1,12,u0m63z3l,3,tt,BeliefInstructions,1579016087,23,1,False
1,12,u0m63z3l,4,tt,Beliefs,1579016122,35,1,False
1,12,u0m63z3l,5,tt,Questions,1579016143,21,1,False
1,12,u0m63z3l,6,wordscra,Task,1579016370,227,1,False
1,12,u0m63z3l,7,postexp,Risk,1579016382,12,1,False
1,12,u0m63z3l,8,postexp,Pref1,1579016402,20,1,False
1,12,u0m63z3l,9,postexp,Pref2,1579016408,6,1,False
1,12,u0m63z3l,10,postexp,Demographics,1579016490,82,1,False
1,12,u0m63z3l,11,postexp,ResultsTask,1579016502,12,1,False
1,14,fo864b4v,1,tt,Instructions,1579016606,846,1,False
1,14,fo864b4v,2,tt,Task,1579016688,82,1,False
1,14,fo864b4v,3,tt,BeliefInstructions,1579016707,19,1,False
1,14,fo864b4v,4,tt,Beliefs,1579016797,90,1,False
1,14,fo864b4v,5,tt,Questions,1579016815,18,1,False
1,14,fo864b4v,6,wordscra,Task,1579016861,46,1,False
1,14,fo864b4v,7,postexp,Risk,1579016871,10,1,False
1,14,fo864b4v,8,postexp,Pref1,1579016940,69,1,False
1,14,fo864b4v,9,postexp,Pref2,1579016965,25,1,False
1,14,fo864b4v,10,postexp,Demographics,1579017002,37,1,False
1,14,fo864b4v,11,postexp,ResultsTask,1579017014,12,1,False
1,15,59xl6wlp,1,tt,Instructions,1579016496,43,1,False
1,15,59xl6wlp,2,tt,Task,1579016536,40,1,False
1,15,59xl6wlp,3,tt,BeliefInstructions,1579016548,12,1,False
1,15,59xl6wlp,4,tt,Beliefs,1579016561,13,1,False
1,15,59xl6wlp,5,tt,Questions,1579016573,12,1,False
1,15,59xl6wlp,6,wordscra,Task,1579016609,36,1,False
1,15,59xl6wlp,7,postexp,Risk,1579016614,5,1,False
1,15,59xl6wlp,8,postexp,Pref1,1579016637,23,1,False
1,15,59xl6wlp,9,postexp,Pref2,1579016651,14,1,False
1,15,59xl6wlp,10,postexp,Demographics,1579016682,31,1,False
1,15,59xl6wlp,11,postexp,ResultsTask,1579016689,7,1,False
1,16,nl8m3nf8,1,tt,Instructions,1579018813,126,1,False
1,16,nl8m3nf8,2,tt,Task,1579018849,36,1,False
1,16,nl8m3nf8,3,tt,BeliefInstructions,1579018862,13,1,False
1,16,nl8m3nf8,4,tt,Beliefs,1579018903,41,1,False
1,16,nl8m3nf8,5,tt,Questions,1579018923,20,1,False
1,16,nl8m3nf8,6,wordscra,Task,1579019001,78,1,False
1,16,nl8m3nf8,7,postexp,Risk,1579019010,9,1,False
1,16,nl8m3nf8,8,postexp,Pref1,1579019051,41,1,False
1,16,nl8m3nf8,9,postexp,Pref2,1579019075,24,1,False
1,16,nl8m3nf8,10,postexp,Demographics,1579019218,143,1,False
1,16,nl8m3nf8,11,postexp,ResultsTask,1579019225,7,1,False
1,18,1pynry5q,1,tt,Instructions,1579025472,53,1,False
1,18,1pynry5q,2,tt,Task,1579025490,18,1,False
1,18,1pynry5q,3,tt,BeliefInstructions,1579025500,10,1,False
1,18,1pynry5q,4,tt,Beliefs,1579025526,26,1,False
1,18,1pynry5q,5,tt,Questions,1579025541,15,1,False
1,18,1pynry5q,6,wordscra,Task,1579025572,31,1,False
1,18,1pynry5q,7,postexp,Risk,1579025581,9,1,False
1,18,1pynry5q,8,postexp,Pref1,1579025613,32,1,False
1,18,1pynry5q,9,postexp,Pref2,1579025632,19,1,False
1,18,1pynry5q,10,postexp,Demographics,1579025662,30,1,False
1,18,1pynry5q,11,postexp,ResultsTask,1579025670,8,1,False
1,19,tjud3kif,1,tt,Instructions,1579027317,178,1,False
1,19,tjud3kif,2,tt,Task,1579027345,28,1,False
1,19,tjud3kif,3,tt,BeliefInstructions,1579027359,14,1,False
1,19,tjud3kif,4,tt,Beliefs,1579027391,32,1,False
1,19,tjud3kif,5,tt,Questions,1579027412,21,1,False
1,19,tjud3kif,6,wordscra,Task,1579027490,78,1,False
1,19,tjud3kif,7,postexp,Risk,1579027504,14,1,False
1,19,tjud3kif,8,postexp,Pref1,1579027557,53,1,False
1,19,tjud3kif,9,postexp,Pref2,1579027577,20,1,False
1,19,tjud3kif,10,postexp,Demographics,1579027640,63,1,False
1,19,tjud3kif,11,postexp,ResultsTask,1579027646,6,1,False
1,20,tjlsu289,1,tt,Instructions,1579032043,102,1,False
1,20,tjlsu289,2,tt,Task,1579032078,35,1,False
1,20,tjlsu289,3,tt,BeliefInstructions,1579032094,16,1,False
1,20,tjlsu289,4,tt,Beliefs,1579032135,41,1,False
1,20,tjlsu289,5,tt,Questions,1579032189,54,1,False
1,20,tjlsu289,6,wordscra,Task,1579032271,82,1,False
1,20,tjlsu289,7,postexp,Risk,1579032284,13,1,False
1,20,tjlsu289,8,postexp,Pref1,1579032343,59,1,False
1,20,tjlsu289,9,postexp,Pref2,1579032373,30,1,False
1,20,tjlsu289,10,postexp,Demographics,1579032466,93,1,False
1,20,tjlsu289,11,postexp,ResultsTask,1579032504,38,1,False
1,21,24i1j93b,1,tt,Instructions,1579032410,87,1,False
1,21,24i1j93b,2,tt,Task,1579032447,37,1,False
1,21,24i1j93b,3,tt,BeliefInstructions,1579032458,11,1,False
1,21,24i1j93b,4,tt,Beliefs,1579032477,19,1,False
1,21,24i1j93b,5,tt,Questions,1579032493,16,1,False
1,21,24i1j93b,6,wordscra,Task,1579032556,63,1,False
1,21,24i1j93b,7,postexp,Risk,1579032563,7,1,False
1,21,24i1j93b,8,postexp,Pref1,1579032602,39,1,False
1,21,24i1j93b,9,postexp,Pref2,1579032618,16,1,False
1,21,24i1j93b,10,postexp,Demographics,1579032680,62,1,False
1,21,24i1j93b,11,postexp,ResultsTask,1579032693,13,1,False
1,23,5g4vjoy0,1,tt,Instructions,1579075137,240,1,False
1,23,5g4vjoy0,2,tt,Task,1579075180,43,1,False
1,23,5g4vjoy0,3,tt,BeliefInstructions,1579075197,17,1,False
1,23,5g4vjoy0,4,tt,Beliefs,1579075319,122,1,False
1,23,5g4vjoy0,5,tt,Questions,1579075411,92,1,False
1,23,5g4vjoy0,6,wordscra,Task,1579075765,354,1,False
1,23,5g4vjoy0,7,postexp,Risk,1579075784,19,1,False
1,23,5g4vjoy0,8,postexp,Pref1,1579075864,80,1,False
1,23,5g4vjoy0,9,postexp,Pref2,1579075918,54,1,False
1,23,5g4vjoy0,10,postexp,Demographics,1579075988,70,1,False
1,23,5g4vjoy0,11,postexp,ResultsTask,1579075994,6,1,False
1,25,k3js1udk,1,tt,Instructions,1579244754,35,1,False
1,25,k3js1udk,2,tt,Task,1579244796,42,1,False
1,25,k3js1udk,3,tt,BeliefInstructions,1579244802,6,1,False
1,25,k3js1udk,4,tt,Beliefs,1579244841,39,1,False
1,25,k3js1udk,5,tt,Questions,1579244851,10,1,False
1,25,k3js1udk,6,wordscra,Task,1579244903,52,1,False
1,25,k3js1udk,7,postexp,Risk,1579244911,8,1,False
1,25,k3js1udk,8,postexp,Pref1,1579244935,24,1,False
1,25,k3js1udk,9,postexp,Pref2,1579244956,21,1,False
1,25,k3js1udk,10,postexp,Demographics,1579244993,37,1,False
1,25,k3js1udk,11,postexp,ResultsTask,1579244997,4,1,False
1,27,kr30pbtn,1,tt,Instructions,1579260932,114,1,False
1,27,kr30pbtn,2,tt,Task,1579260983,51,1,False
1,27,kr30pbtn,3,tt,BeliefInstructions,1579261001,18,1,False
1,27,kr30pbtn,4,tt,Beliefs,1579261071,70,1,False
1,27,kr30pbtn,5,tt,Questions,1579261118,47,1,False
1,27,kr30pbtn,6,wordscra,Task,1579261232,114,1,False
1,27,kr30pbtn,7,postexp,Risk,1579261246,14,1,False
1,27,kr30pbtn,8,postexp,Pref1,1579261307,61,1,False
1,27,kr30pbtn,9,postexp,Pref2,1579261337,30,1,False
1,27,kr30pbtn,10,postexp,Demographics,1579261402,65,1,False
1,27,kr30pbtn,11,postexp,ResultsTask,1579261419,17,1,False
