session_id,participant_id,status,started_datetime,completed_date_time,time_taken,age,num_approvals,num_rejections,prolific_score,reviewed_at_datetime,entered_code,Country of Birth,Student Status,Employment Status,Current Country of Residence,Nationality,First Language,Sex,Fluent languages,Industry
5e1495349e3dab000d79133a,5a286795b51f2c0001e5de77,AWAITING REVIEW,2020-01-07 14:27:00.185000,2020-01-07 14:32:12.802000,312.617,43,91,1,100,,693460E2,Spain,No,Full-Time,Spain,Spain,Spanish,Male,English,Finance and Insurance
5e1495570db892ab8827e34c,59fdef52747ede000142c959,AWAITING REVIEW,2020-01-07 14:27:35.581000,2020-01-07 14:31:56.346000,260.765,46,335,8,98,,693460E2,United Kingdom,No,Full-Time,United Kingdom,United Kingdom,English,Male,English,Finance and Insurance
5e1495786e8aaba900628a52,5ace0cc387e271000171cd21,AWAITING REVIEW,2020-01-07 14:28:08.937000,2020-01-07 14:32:35.689000,266.752,37,178,3,99,,693460E2,United Kingdom,Yes,Full-Time,United Kingdom,United Kingdom,English,Male,English,Finance and Insurance
5e149598b199e4aa15ce35b9,5bb278608f3bd70001e55d18,AWAITING REVIEW,2020-01-07 14:28:44.365000,2020-01-07 14:36:59.378000,495.013,25,229,2,100,,693460E2,United States,No,Full-Time,United States,United States,English,Female,English,Finance and Insurance
5e1495aef74ffb01714c5bd6,5ba8635f38803d000126ea43,AWAITING REVIEW,2020-01-07 14:29:10.313000,2020-01-07 14:39:20.833000,610.52,31,269,1,100,,693460E2,United States,No,Full-Time,United States,United States,English,Male,Spanish,Finance and Insurance
5e1495d95cc380ac2d542db2,596d1cdfe81bf30001fe0533,AWAITING REVIEW,2020-01-07 14:29:52.947000,2020-01-07 14:43:39.263000,826.316,39,657,2,100,,693460E2,United Kingdom,No,Part-Time,United Kingdom,United Kingdom,English,Female,English,Finance and Insurance
5e1495f0082675a95e5f3318,597b92f0a33b0d0001fd3d90,AWAITING REVIEW,2020-01-07 14:30:12.480000,2020-01-07 14:34:38.513000,266.033,64,608,6,99,,693460E2,United Kingdom,No,Full-Time,United Kingdom,United Kingdom,English,Female,English,Finance and Insurance
5e149614e69d0aac7d90b0c8,5bc0c9fa614d5a00016f713d,AWAITING REVIEW,2020-01-07 14:30:44.462000,2020-01-07 14:36:20.620000,336.158,49,34,0,100,,693460E2,United Kingdom,No,Part-Time,United Kingdom,United Kingdom,English,Male,English,
5e14961d61b48aac47d37f60,59f48e50680a95000122ad22,AWAITING REVIEW,2020-01-07 14:30:53.230000,2020-01-07 14:47:47.166000,1013.936,29,103,1,100,,693460E2,United Kingdom,No,Part-Time,United Kingdom,United Kingdom,English,Female,German,Finance and Insurance
5e1496317f08edaaa17e2a49,5bbd1d04df2fb80001733d30,AWAITING REVIEW,2020-01-07 14:31:24.515000,2020-01-07 14:41:15.271000,590.756,32,169,0,100,,693460E2,United Kingdom,Yes,Full-Time,United Kingdom,United Kingdom,English,Female,English,Finance and Insurance
5e149643839079ab2ddebc11,5acc3bd8e1099600016ae27a,AWAITING REVIEW,2020-01-07 14:31:31.692000,2020-01-07 14:40:15.423000,523.731,28,196,0,100,,693460E2,Panama,Yes,Full-Time,United States,Panama,Spanish,Male,English,Finance and Insurance
5e149644dc265fab3e502ce7,5ad78b91b24ddb0001744bc4,AWAITING REVIEW,2020-01-07 14:31:34.858000,2020-01-07 14:53:07.355000,1292.497,42,509,2,100,,693460E2,United States,No,Full-Time,United States,United States,English,Female,English,Finance and Insurance
5e1496472b12bda9d974a7a9,5aca4e27a3ba7a0001b4d415,AWAITING REVIEW,2020-01-07 14:31:35.067000,2020-01-07 14:37:10.638000,335.571,45,501,8,99,,693460E2,United Kingdom,No,Full-Time,United Kingdom,United Kingdom,English,Male,English,Finance and Insurance
5e1496485866a8000b77d0a8,5b0a869f1e55760001b93fa3,AWAITING REVIEW,2020-01-07 14:31:36.065000,2020-01-07 14:35:29.422000,233.357,36,330,7,98,,693460E2,Germany,No,Full-Time,Germany,Germany,German,Male,"English, French, German",Finance and Insurance
5e1496644cad54000c7ac1ca,5af2f93fe1b5b8000148c0c7,RETURNED,2020-01-07 14:32:33.268000,,859831.328484,33,234,2,100,,,CONSENT REVOKED,CONSENT REVOKED,CONSENT REVOKED,CONSENT REVOKED,CONSENT REVOKED,CONSENT REVOKED,CONSENT REVOKED,CONSENT REVOKED,CONSENT REVOKED
5e149668221dc4a9d1180da9,5992edfc3ae1c8000110610b,AWAITING REVIEW,2020-01-07 14:32:10.699000,2020-01-07 14:36:07.624000,236.925,30,616,5,100,,693460E2,United Kingdom,No,Full-Time,United Kingdom,United Kingdom,English,Male,English,Finance and Insurance
5e149681dc79bdab9d0d145a,5978c134bcae9f00014cd322,AWAITING REVIEW,2020-01-07 14:32:38.368000,2020-01-07 14:37:05.800000,267.432,31,204,3,99,,693460E2,United Kingdom,No,Part-Time,United Kingdom,United Kingdom,English,Female,English,Finance and Insurance
5e149683dcd3e3a95089c14a,58d107de9d8a130001f0f138,RETURNED,2020-01-07 14:32:38.524000,,859826.124526,40,559,14,97,,,CONSENT REVOKED,CONSENT REVOKED,CONSENT REVOKED,CONSENT REVOKED,CONSENT REVOKED,CONSENT REVOKED,CONSENT REVOKED,CONSENT REVOKED,CONSENT REVOKED
5e14969599b282aaa656b063,5a7a0d8df49c9a0001f31b73,AWAITING REVIEW,2020-01-07 14:34:05.179000,2020-01-07 14:46:23.361000,738.182,37,216,0,100,,693460E2,United Kingdom,No,Full-Time,United Kingdom,United Kingdom,English,Male,English,Finance and Insurance
5e1496a2df98d9a88b9d7d08,5b4b0e8d94020800016323ed,AWAITING REVIEW,2020-01-07 14:37:55.243000,2020-01-07 14:44:55.063000,419.82,37,388,0,100,,693460E2,United Kingdom,No,Full-Time,United Kingdom,United Kingdom,English,Male,English,Finance and Insurance
5e1496bbc12a36aaa5fb26a1,596155a998cf77000106f8d8,AWAITING REVIEW,2020-01-07 14:33:34.515000,2020-01-07 14:41:11.306000,456.791,42,732,9,99,,693460E2,United Kingdom,No,Part-Time,United Kingdom,United Kingdom,English,Male,English,Finance and Insurance
5e1496bc82a955aa05132bd4,599752bed0bcd10001dd8fa2,AWAITING REVIEW,2020-01-07 14:33:38.591000,2020-01-07 14:38:08.586000,269.995,43,388,6,99,,693460E2,United Kingdom,No,Part-Time,United Kingdom,United Kingdom,English,Female,English,Finance and Insurance
5e1496d214ae63a99ec623f1,5a81a392190420000155d6df,AWAITING REVIEW,2020-01-07 14:33:56.933000,2020-01-07 14:41:03.247000,426.314,33,464,13,97,,693460E2,United Kingdom,No,Full-Time,United Kingdom,United Kingdom,English,Male,English,Finance and Insurance
5e1496d4dd997baabfd60335,5aa696af6219a30001c75d2a,AWAITING REVIEW,2020-01-07 14:34:00.643000,2020-01-07 14:39:03.709000,303.066,39,116,1,100,,693460E2,United Kingdom,No,Full-Time,United Kingdom,United Kingdom,English,Female,English,Finance and Insurance
5e1496dfa1f361aa09b300e8,5a8ff02e4fcb2f0001d8bb9b,AWAITING REVIEW,2020-01-07 14:34:10.003000,2020-01-07 14:39:55.755000,345.752,29,143,4,97,,693460E2,United Kingdom,Yes,Part-Time,United Kingdom,United Kingdom,English,Female,English,Finance and Insurance
5e14970139bcdeaa61d618af,5b91d329cc81a400017a32ec,AWAITING REVIEW,2020-01-07 14:34:44.337000,2020-01-07 14:39:58.357000,314.02,27,266,2,100,,693460E2,United States,No,Full-Time,United States,United States,Spanish,Female,English,Finance and Insurance
5e14970ee78021aa44fc8893,5b9217c162766e00012bb9c6,AWAITING REVIEW,2020-01-07 14:34:54.472000,2020-01-07 14:42:05.317000,430.845,51,78,0,100,,693460E2,United States,No,Full-Time,United States,,English,Male,English,Finance and Insurance
5e14973585818b000dde311a,5b905d5d2f789f00011c4cc2,AWAITING REVIEW,2020-01-07 14:35:36.936000,2020-01-07 14:40:45.910000,308.974,30,148,1,100,,693460E2,United Kingdom,Yes,Full-Time,United Kingdom,United Kingdom,English,Female,English,Finance and Insurance
5e1497374d6bf1ac2c4c6139,57bcc8a445bff5000151adf5,AWAITING REVIEW,2020-01-07 14:36:00.860000,2020-01-07 14:43:05.040000,424.18,36,64,1,100,,693460E2,United Kingdom,No,Part-Time,United Kingdom,United Kingdom,English,Female,English,Finance and Insurance
5e1497424f40fbac0879bf6d,5a78c773eea3d300016df448,AWAITING REVIEW,2020-01-07 14:35:51.515000,2020-01-07 14:43:11.372000,439.857,50,443,4,100,,693460E2,United Kingdom,No,Full-Time,United Kingdom,United Kingdom,English,Female,English,Finance and Insurance
5e14976574f0f9000a3a2813,56213a1aed6e5a0005c7f760,AWAITING REVIEW,2020-01-07 14:36:31.705000,2020-01-07 14:45:51.479000,559.774,35,699,1,100,,693460E2,United States,No,Full-Time,United States,United States,English,Male,English,Finance and Insurance
5e14976685818b000b8d1b33,5a3adfb705f005000104d2a3,AWAITING REVIEW,2020-01-07 14:36:22.214000,2020-01-07 14:43:54.917000,452.703,37,395,2,100,,693460E2,United Kingdom,No,Full-Time,United Kingdom,United Kingdom,English,Female,English,Finance and Insurance
5e149773bf3d4eac4a6551db,593db4048fcebc00010752b6,AWAITING REVIEW,2020-01-07 14:36:38.100000,2020-01-07 14:40:39.936000,241.836,39,237,2,100,,693460E2,United Kingdom,No,Part-Time,United Kingdom,United Kingdom,English,Female,English,Finance and Insurance
5e1497854d6bf1abd4ff67dd,5b8ed2668be3300001d519d3,AWAITING REVIEW,2020-01-07 14:36:53.304000,2020-01-07 14:57:30.445000,1237.141,28,198,11,93,,693460E2,Ireland,No,Full-Time,Ireland,Ireland,English,Male,English,Finance and Insurance
5e1497a613ec50a90b53c446,58713c5e58ca4c00018ce3ea,AWAITING REVIEW,2020-01-07 14:37:41.465000,2020-01-07 14:45:17.688000,456.223,51,1304,7,100,,693460E2,United Kingdom,No,Full-Time,United Kingdom,United Kingdom,English,Female,English,Finance and Insurance
5e1497c2bf3d4eac4a6551dd,59fb763bdf3fa800015c2aa0,AWAITING REVIEW,2020-01-07 14:38:03.746000,2020-01-07 14:47:08.605000,544.859,32,131,0,100,,693460E2,Estonia,No,Full-Time,Estonia,Estonia,Estonian,Male,English,Finance and Insurance
5e1497fe192ef0aaf136139e,59f8a4cd05d1d60001f146cc,AWAITING REVIEW,2020-01-07 14:38:54.508000,2020-01-07 14:44:07.873000,313.365,47,561,1,100,,693460E2,United States,No,Full-Time,United States,United States,English,Male,English,Finance and Insurance
5e1497ff54ff23aa891bbbe3,55146e64fdf99b253d5b1c5d,AWAITING REVIEW,2020-01-07 14:38:54.983000,2020-01-07 14:45:39.073000,404.09,49,926,14,99,,693460E2,United Kingdom,No,Part-Time,United Kingdom,United Kingdom,English,Female,English,Finance and Insurance
5e149800afb8b0aaf1e902a9,5a8ad2082a842c0001fce0f2,AWAITING REVIEW,2020-01-07 14:39:00.908000,2020-01-07 14:46:33.650000,452.742,23,484,5,100,,693460E2,United Kingdom,No,Full-Time,United Kingdom,United Kingdom,English,Male,English,Finance and Insurance
5e14981e24f939aa381b0993,59cff8eed227970001199862,AWAITING REVIEW,2020-01-07 14:39:27.947000,2020-01-07 14:46:48.711000,440.764,42,808,1,100,,693460E2,United Kingdom,No,Full-Time,United Kingdom,United Kingdom,English,Male,English,Finance and Insurance
5e149830194d29ab9225e9c3,5b29f05c7f78160001468274,AWAITING REVIEW,2020-01-07 14:39:50.513000,2020-01-07 14:48:03.473000,492.96,45,272,3,99,,693460E2,United Kingdom,No,Full-Time,United Kingdom,United Kingdom,English,Male,English,Finance and Insurance
5e1498605cc380abdbd16567,5b4979dfd4c93b00019bfd88,AWAITING REVIEW,2020-01-07 14:40:49.296000,2020-01-07 14:49:37.742000,528.446,27,338,3,100,,693460E2,Germany,No,Full-Time,Germany,Germany,German,Female,"English, French, Spanish, Turkish, German",Finance and Insurance
5e149865ef708b000b3310e8,5ba549937b66df0001c1dedf,TIMED-OUT,2020-01-07 14:40:37.411000,,859347.889803,35,46,1,100,,,Jordan,Yes,Full-Time,Norway,Palestinian Territory,Arabic,Male,"Arabic, Danish, English, Italian, Norwegian, Portuguese",Finance and Insurance
5e149869182b48017374cc60,59367556b8236d0001af5500,AWAITING REVIEW,2020-01-07 14:40:54.891000,2020-01-07 14:44:37.617000,222.726,36,502,2,100,,693460E2,United Kingdom,No,Full-Time,United Kingdom,United Kingdom,English,Female,English,Finance and Insurance
5e14987301423fac1d18aa3e,58e9538908dc910001901f6b,AWAITING REVIEW,2020-01-07 14:40:55.647000,2020-01-07 14:55:17.700000,862.053,56,687,4,100,,693460E2,United States,No,Other,United States,United States,English,Female,English,Finance and Insurance
5e14989a4babe3a9b1959896,5b7535d184850400011a07b8,AWAITING REVIEW,2020-01-07 14:41:32.230000,2020-01-07 14:45:37.108000,244.878,32,312,9,96,,693460E2,United Kingdom,No,Full-Time,United Kingdom,United Kingdom,English,Female,English,Finance and Insurance
5e14989d097013000d32f671,595804ea8b58be00012c25a1,AWAITING REVIEW,2020-01-07 14:42:07.448000,2020-01-07 14:47:34.443000,326.995,47,907,3,100,,693460E2,United Kingdom,No,Full-Time,United Kingdom,United Kingdom,English,Male,"English, Spanish",Finance and Insurance
5e1498a4a99550aaeff9fe01,5a89df460f1bce00012244ae,AWAITING REVIEW,2020-01-07 14:41:41.585000,2020-01-07 14:45:43.755000,242.17,34,111,3,98,,693460E2,United Kingdom,No,Full-Time,United Kingdom,United Kingdom,English,Male,English,Finance and Insurance
5e1498b882a955a9b12ece98,5a4bd1533646f90001b43676,AWAITING REVIEW,2020-01-07 14:42:05.790000,2020-01-07 14:47:07.598000,301.808,39,221,0,100,,693460E2,United Kingdom,No,Full-Time,United Kingdom,United Kingdom,English,Female,English,Finance and Insurance
5e1498bea98a7aac4e141c73,5a75a77817ef3500016ffd06,AWAITING REVIEW,2020-01-07 14:42:10.764000,2020-01-07 14:49:28.329000,437.565,55,479,1,100,,693460E2,United Kingdom,No,Full-Time,United Kingdom,United Kingdom,English,Male,English,Finance and Insurance
5e1498f11951e1000b9c0dfe,5af20397aec2b600010a9a6a,TIMED-OUT,2020-01-07 14:42:57.104000,,859208.413,35,10,0,100,,,Ireland,No,Full-Time,Ireland,Ireland,English,Male,English,Finance and Insurance
5e14991add997baabfd6033b,56b78f11e77ebe000cbefe79,AWAITING REVIEW,2020-01-07 14:43:38.486000,2020-01-07 14:50:33.439000,414.953,54,1409,11,100,,693460E2,United Kingdom,No,Part-Time,United Kingdom,United Kingdom,English,Female,English,Finance and Insurance
5e14996b569e7d000af00e6a,5aad21134ea21d000101bbff,AWAITING REVIEW,2020-01-07 14:45:10.781000,2020-01-07 14:52:53.858000,463.077,39,289,10,95,,693460E2,United Kingdom,No,Full-Time,United Kingdom,United Kingdom,English,Male,Japanese,Finance and Insurance
5e149971a2c696aa4c20e816,57311dbc070de6000842c382,AWAITING REVIEW,2020-01-07 14:45:06.568000,2020-01-07 14:50:18.843000,312.275,25,224,0,100,,693460E2,Canada,No,Full-Time,Canada,Canada,English,Male,English,Finance and Insurance
5e1499804f40fbabb34a9e10,574027971407a30010773dd7,AWAITING REVIEW,2020-01-07 14:45:20.313000,2020-01-07 14:49:57.338000,277.025,30,119,1,100,,693460E2,United Kingdom,Yes,Full-Time,United Kingdom,United Kingdom,English,Female,English,Finance and Insurance
5e1499ad01423fac1d18aa40,5b491de47e1012000132157b,AWAITING REVIEW,2020-01-07 14:46:07.249000,2020-01-07 14:53:51.070000,463.821,24,248,1,100,,693460E2,France,No,Part-Time,United Kingdom,France,French,Female,English,Finance and Insurance
5e1499db814bbaaa7f6512f1,5680452cc5767f00121cc81a,RETURNED,2020-01-07 14:46:51.606000,,858974.077948,56,466,5,99,,,CONSENT REVOKED,CONSENT REVOKED,CONSENT REVOKED,CONSENT REVOKED,CONSENT REVOKED,CONSENT REVOKED,CONSENT REVOKED,CONSENT REVOKED,CONSENT REVOKED
5e1499f00faa28000c82068a,5b7f4108db11320001c4b0c1,AWAITING REVIEW,2020-01-07 14:47:19,2020-01-07 14:54:41.578000,442.578,43,360,5,99,,693460E2,United Kingdom,No,Full-Time,United Kingdom,United Kingdom,English,Male,English,Finance and Insurance
5e1499f254e2f0aa83ce0964,594b8f21890ed60001ead0a3,AWAITING REVIEW,2020-01-07 14:47:19.284000,2020-01-07 14:51:20.726000,241.442,37,402,10,98,,693460E2,United Kingdom,No,Full-Time,United Kingdom,United Kingdom,English,Male,English,Finance and Insurance
5e149a2cef7f5eaae90e64b7,5a9994dff05361000171f208,AWAITING REVIEW,2020-01-07 14:48:14.728000,2020-01-07 14:53:05.874000,291.146,27,131,3,98,,693460E2,United Kingdom,No,Full-Time,United Kingdom,United Kingdom,English,Female,English,Finance and Insurance
5e149a3bcb93ab000ac7a9f8,5b2a14d40ec82d0001d2721f,AWAITING REVIEW,2020-01-07 14:48:26.999000,2020-01-07 14:57:42.922000,555.923,51,141,8,94,,693460E2,Spain,No,Full-Time,Spain,Spain,Spanish,Male,"English, Galician, Spanish",Finance and Insurance
5e149a435866a8000b77d0b7,5b984dd258ee9f00012fbfd2,AWAITING REVIEW,2020-01-07 14:57:04.410000,2020-01-07 15:06:32.630000,568.22,36,552,0,100,,693460E2,United States,No,Part-Time,United States,United States,English,Female,English,Finance and Insurance
5e149a8a85818b000dde3121,59f17b480fb3a90001bd9ff8,AWAITING REVIEW,2020-01-07 14:49:46.446000,2020-01-07 14:58:03.984000,497.538,51,108,1,100,,693460E2,United Kingdom,No,Full-Time,United Kingdom,United Kingdom,English,Female,English,Finance and Insurance
5e149ac073d724a9f0c258dd,57b5cf728f963300014c8dfb,AWAITING REVIEW,2020-01-07 14:50:43.733000,2020-01-07 14:59:39.175000,535.442,43,44,0,100,,693460E2,Portugal,No,Full-Time,Portugal,Portugal,Portuguese,Female,"English, Portuguese",Finance and Insurance
5e149ac83b42af01daf76c46,59b1986ac05bb50001eb3a5f,AWAITING REVIEW,2020-01-07 14:50:50.957000,2020-01-07 15:01:47.508000,656.551,26,653,6,99,,693460E2,United States,No,Full-Time,United States,United States,English,Male,English,Finance and Insurance
5e149ad7a1f361aa09b300eb,5a9bcd3f1eda410001366c55,AWAITING REVIEW,2020-01-07 14:51:05.765000,2020-01-07 14:55:44.089000,278.324,26,230,8,96,,693460E2,United Kingdom,No,Full-Time,United Kingdom,United Kingdom,English,Female,English,Finance and Insurance
5e149b33ef7f5ea9864a4d72,56ca3e3237d66c000c59a891,AWAITING REVIEW,2020-01-07 14:52:35.463000,2020-01-07 15:01:02.284000,506.821,40,1139,12,99,,693460E2,United States,No,Full-Time,United Kingdom,United Kingdom,English,Male,English,Finance and Insurance
5e149b7418e869a98407d666,5bcf65df8301810001a3215e,AWAITING REVIEW,2020-01-07 14:53:42.364000,2020-01-07 14:59:48.003000,365.639,29,178,4,98,,693460E2,Hungary,No,Full-Time,Hungary,Hungary,English,Female,"English, Hungarian",
5e149b7bd32ed0000cb4492c,5b992a5224a3450001fa3454,AWAITING REVIEW,2020-01-07 14:53:50.110000,2020-01-07 14:59:08.424000,318.314,30,152,3,98,,693460E2,Hungary,No,Full-Time,Hungary,Hungary,Hungarian,Male,English,Finance and Insurance
5e149b9b398bb6a9df5edeb0,5b51c33d026602000178b5ec,AWAITING REVIEW,2020-01-07 14:54:19.232000,2020-01-07 15:00:48.125000,388.893,36,305,3,100,,693460E2,United Kingdom,No,Part-Time,United Kingdom,United Kingdom,English,Female,English,Finance and Insurance
5e149c467855d3abff0766de,5af554cada66b5000124acf4,RETURNED,2020-01-07 14:57:10.118000,,858355.918056,59,80,1,100,,,CONSENT REVOKED,CONSENT REVOKED,CONSENT REVOKED,CONSENT REVOKED,CONSENT REVOKED,CONSENT REVOKED,CONSENT REVOKED,CONSENT REVOKED,CONSENT REVOKED
5e149cef5886cb000cb356b3,577e79ecdcff7d0001c7a534,AWAITING REVIEW,2020-01-07 15:00:03.784000,2020-01-07 15:31:13.979000,1870.195,36,991,4,100,,693460E2,United States,No,Full-Time,United States,United States,English,Male,English,Finance and Insurance
5e149d4f192ef0abb0c55cee,59e8502b7f3d71000171df0a,AWAITING REVIEW,2020-01-07 15:01:35.899000,2020-01-07 15:07:44.934000,369.035,51,95,0,100,,693460E2,United Kingdom,DATA EXPIRED,Full-Time,United Kingdom,United Kingdom,English,Male,English,Finance and Insurance
5e149d73097013000b906133,59d662aa0c0c7100015b9af6,AWAITING REVIEW,2020-01-07 15:02:11.897000,2020-01-07 15:06:52.587000,280.69,37,432,0,100,,693460E2,United States,No,Full-Time,United States,United States,English,Male,English,Finance and Insurance
5e149d8cbf3d4eaca81d806a,578673a9275be6000135880e,AWAITING REVIEW,2020-01-07 15:02:40.927000,2020-01-07 15:09:28.391000,407.464,29,1237,7,100,,693460E2,United States,No,Full-Time,United States,United States,English,Male,English,Finance and Insurance
5e149d939e3dab011f931d9f,5a102e9dfdf6fc0001279561,RETURNED,2020-01-07 15:13:00.160000,,857405.980268,34,535,3,100,,,CONSENT REVOKED,CONSENT REVOKED,CONSENT REVOKED,CONSENT REVOKED,CONSENT REVOKED,CONSENT REVOKED,CONSENT REVOKED,CONSENT REVOKED,CONSENT REVOKED
5e149dc2dc265fab3e502cf3,5b082f3d61cde20001b6706e,AWAITING REVIEW,2020-01-07 15:03:33.403000,2020-01-07 15:07:34.952000,241.549,37,189,0,100,,693460E2,United Kingdom,No,Full-Time,United Kingdom,United Kingdom,English,Female,"English, German",Finance and Insurance
5e149f192fc478aa2e6729fd,58a9eccbd6a2220001179723,AWAITING REVIEW,2020-01-07 15:09:13.572000,2020-01-07 15:14:07.062000,293.49,23,49,1,100,,693460E2,Hungary,No,,Hungary,Hungary,Hungarian,Female,English,Finance and Insurance
5e149f4d85818b000dde312c,595a2451b2f20f00012ca8ac,AWAITING REVIEW,2020-01-07 15:10:08.107000,2020-01-07 15:14:00.899000,232.792,25,448,13,97,,693460E2,United Kingdom,Yes,Full-Time,United Kingdom,United Kingdom,English,Female,English,Finance and Insurance
5e149ff7eb695f000b53561d,58fa1836b778bb00014e5215,AWAITING REVIEW,2020-01-07 15:12:57.264000,2020-01-07 15:22:40.104000,582.84,57,557,2,100,,693460E2,United Kingdom,No,Full-Time,United Kingdom,United Kingdom,English,Female,English,Finance and Insurance
5e14a07e814bbaaa7f651302,5af2a03697a14300017d2ba4,AWAITING REVIEW,2020-01-07 15:20:03.331000,2020-01-07 15:26:41.525000,398.194,46,458,0,100,,693460E2,United Kingdom,No,Full-Time,United Kingdom,United Kingdom,English,Male,English,Finance and Insurance
5e14a12ecb93ab000dda66cc,59eddbeac0d35a00012956a4,AWAITING REVIEW,2020-01-07 15:18:06.779000,2020-01-07 15:23:06.395000,299.616,30,290,2,100,,693460E2,United Kingdom,No,Full-Time,United Kingdom,United Kingdom,English,Female,English,Finance and Insurance
5e14a12fac9e16ac55a4c22c,5a876362b093f80001a7eb55,AWAITING REVIEW,2020-01-07 15:18:11.899000,2020-01-07 15:23:01.195000,289.296,44,145,2,99,,693460E2,United Kingdom,No,Full-Time,United Kingdom,United Kingdom,English,Female,English,Finance and Insurance
5e14a1b2d2ee06000aef05b1,5bb239a60cc22c000146833e,AWAITING REVIEW,2020-01-07 15:20:18.481000,2020-01-07 15:23:46.961000,208.48,37,61,0,100,,693460E2,United States,Yes,Full-Time,United States,United States,English,Male,English,Finance and Insurance
5e14a1c81d6b46ab68144d80,5b28f5a944d0ee0001670694,AWAITING REVIEW,2020-01-07 15:20:46.608000,2020-01-07 15:24:35.589000,228.981,47,208,2,100,,693460E2,United Kingdom,Yes,Full-Time,United Kingdom,United Kingdom,English,Female,English,Finance and Insurance
5e14a2309195c6ab2f5dba3c,59ae8d282a78fd00010b80e7,AWAITING REVIEW,2020-01-07 15:22:24.570000,2020-01-07 15:27:31.310000,306.74,36,361,5,99,,693460E2,India,No,Other,United Kingdom,India,Hindi,Male,English,Finance and Insurance
5e14a26837241caa50441c6c,5b4e147ad4c93b00019c9e01,AWAITING REVIEW,2020-01-07 15:23:23.138000,2020-01-07 15:29:31.522000,368.384,34,387,3,100,,693460E2,United Kingdom,No,Full-Time,United Kingdom,United Kingdom,English,Male,English,Finance and Insurance
5e14a32f53b56eabace08caa,59965446a2bbe000018834b5,AWAITING REVIEW,2020-01-07 15:26:48.606000,2020-01-07 15:33:11.027000,382.421,55,652,2,100,,693460E2,United States,No,Full-Time,United States,United States,English,Female,English,Finance and Insurance
5e14a36797b1a7000a047471,5a8ee560eea3d300016ec9d8,TIMED-OUT,2020-01-07 15:27:39.871000,,856526.593687,38,195,3,99,,,United Kingdom,No,Full-Time,United Kingdom,United Kingdom,English,Female,English,Finance and Insurance
5e14a3980be912000bf4ee39,5baa39f27c0ebe0001279621,AWAITING REVIEW,2020-01-07 15:28:27.418000,2020-01-07 15:33:43.446000,316.028,34,129,2,99,,693460E2,Turkey,No,Full-Time,United Kingdom,Turkey,Turkish,Female,Turkish,Finance and Insurance
5e14a55038a262000d3988cf,5b570f4cc146600001b82d8d,AWAITING REVIEW,2020-01-07 15:35:46.356000,2020-01-07 15:41:01.595000,315.239,49,437,1,100,,693460E2,United Kingdom,No,Part-Time,United Kingdom,United Kingdom,English,Male,English,Finance and Insurance
5e14a68194d5eeac0474c70a,5a93e14b89de8200013ebd26,AWAITING REVIEW,2020-01-07 15:40:52.645000,2020-01-07 15:46:23.607000,330.962,35,343,1,100,,693460E2,United Kingdom,No,Full-Time,United Kingdom,United Kingdom,English,Female,English,Finance and Insurance
5e14a72c87211e016842e6ad,5b93ddc050977500010b7010,AWAITING REVIEW,2020-01-07 15:43:43.234000,2020-01-07 15:47:24.189000,220.955,21,296,2,100,,693460E2,United States,Yes,Full-Time,United States,United States,English,Male,English,Finance and Insurance
5e14a7834cac68abce04461f,5aea9bc3aced0e00012d53d8,AWAITING REVIEW,2020-01-07 15:45:07.742000,2020-01-07 15:50:44.650000,336.908,30,7,0,100,,693460E2,United Kingdom,No,Full-Time,United Kingdom,United Kingdom,English,Female,English,Finance and Insurance
5e14a7c38f1fafabe2dfb704,5a9ec61c35237b000112bb72,AWAITING REVIEW,2020-01-07 15:46:12.931000,2020-01-07 15:51:25.372000,312.441,31,104,2,99,,693460E2,Spain,No,Full-Time,Spain,Spain,Spanish,Male,Catalan,Finance and Insurance
5e14a85b864020ab21a6ea6c,5bc7c9a4edc59100010cb655,AWAITING REVIEW,2020-01-07 15:48:47.798000,2020-01-07 15:54:47.893000,360.095,35,498,0,100,,693460E2,United States,No,Full-Time,United States,United States,English,Male,English,Finance and Insurance
5e14a8889ce835027e0a073e,5a049ad2120fb30001948556,RETURNED,2020-01-07 16:00:00.033000,,854586.652684,22,63,2,99,,,CONSENT REVOKED,CONSENT REVOKED,CONSENT REVOKED,CONSENT REVOKED,CONSENT REVOKED,CONSENT REVOKED,CONSENT REVOKED,CONSENT REVOKED,CONSENT REVOKED
5e14a9229a993facf506e660,558afa29fdf99b7dfdbac1c6,AWAITING REVIEW,2020-01-07 15:52:02.833000,2020-01-07 15:58:17.779000,374.946,28,748,4,100,,693460E2,United States,No,Full-Time,United States,United States,English,Male,English,Finance and Insurance
5e14a92c58a5c7aced0820a7,59c42696c458e800017b5cb4,AWAITING REVIEW,2020-01-07 15:52:14.589000,2020-01-07 15:55:40.670000,206.081,37,680,4,100,,693460E2,United States,No,Full-Time,United States,United States,English,Male,English,Finance and Insurance
5e14aa395b8184000d0dbb7a,56fa002e8425ef000b3a4276,AWAITING REVIEW,2020-01-07 15:56:45.156000,2020-01-07 16:03:57.496000,432.34,31,923,14,98,,693460E2,United States,No,Full-Time,United States,United States,English,Male,"English, Spanish",Finance and Insurance
5e14aa8d7605feabb5d75f55,5b6b64b182f7ef0001f3539d,AWAITING REVIEW,2020-01-07 15:58:05.424000,2020-01-07 16:05:21.699000,436.275,38,47,1,99,,693460E2,United Kingdom,No,Full-Time,United Kingdom,United Kingdom,English,Male,English,Finance and Insurance
5e14aaa3e44abf02f9fc89f9,562f67cc733ea0000b162cee,AWAITING REVIEW,2020-01-07 15:58:30.232000,2020-01-07 16:04:42.537000,372.305,28,105,0,100,,693460E2,Germany,No,Full-Time,Germany,Germany,German,Male,German,Finance and Insurance
5e14aae6864020abfd9ce909,5b287e86a1bdd30001391039,AWAITING REVIEW,2020-01-07 15:59:36.427000,2020-01-07 16:08:24.072000,527.645,25,280,1,100,,693460E2,Canada,No,Full-Time,Canada,Canada,English,Female,English,Finance and Insurance
5e14ac8180a991000cfbb857,5af4f14f86fd9c0001664a21,AWAITING REVIEW,2020-01-07 16:06:25.593000,2020-01-07 16:13:20.491000,414.898,29,117,0,100,,693460E2,Mexico,No,Full-Time,Mexico,Mexico,Spanish,Male,English,Finance and Insurance
5e14ac9d53e846adb9356bca,59c6bc463306be000195bb42,AWAITING REVIEW,2020-01-07 16:06:59.569000,2020-01-07 16:13:18.920000,379.351,59,419,11,97,,693460E2,United Kingdom,No,Part-Time,United Kingdom,United Kingdom,English,Female,English,Finance and Insurance
5e14acad01423fac8de88a6b,570b7f8fb9b52b00102d9723,AWAITING REVIEW,2020-01-07 16:07:18.224000,2020-01-07 16:13:32.610000,374.386,51,1112,2,100,,693460E2,United States,No,Full-Time,United States,United States,English,Female,English,Finance and Insurance
5e14ad5215ef40aceff5d12d,5aa4c7794eecca0001dde769,AWAITING REVIEW,2020-01-07 16:09:56.948000,2020-01-07 16:13:54.215000,237.267,36,233,0,100,,693460E2,United States,No,Full-Time,United States,United States,English,Male,English,Finance and Insurance
5e14ae2e646ab2000a2a528a,5b305b176d601d0001d5ea96,AWAITING REVIEW,2020-01-07 16:13:45.196000,2020-01-07 16:21:41.785000,476.589,25,179,1,100,,693460E2,Canada,No,Full-Time,Canada,Canada,Chinese,Male,English,Finance and Insurance
5e14ae6d557425aaf9780707,5b95305ed14070000131ceed,AWAITING REVIEW,2020-01-07 16:14:41.763000,2020-01-07 16:22:07.635000,445.872,33,146,0,100,,693460E2,Poland,No,Full-Time,Poland,Poland,Polish,Male,"Polish, English",Finance and Insurance
5e14aeddbbaeffab3ce19286,5b78a7530d470c000127db1d,AWAITING REVIEW,2020-01-07 16:16:29.478000,2020-01-07 16:27:05.143000,635.665,30,158,2,99,,693460E2,Poland,No,Full-Time,Poland,Poland,Polish,Male,English,Finance and Insurance
5e14af4737241cab213a1fdc,591fe11eacfd3400013762be,AWAITING REVIEW,2020-01-07 16:18:15.607000,2020-01-07 16:29:53.067000,697.46,63,550,4,100,,693460E2,United Kingdom,No,Full-Time,United Kingdom,United Kingdom,English,Female,English,Finance and Insurance
5e14b089e69d0aada620e44f,545d0b09fdf99b7f9fca2261,AWAITING REVIEW,2020-01-07 16:23:41.394000,2020-01-07 16:30:48.673000,427.279,34,355,6,99,,693460E2,Italy,No,Other,Italy,Italy,Italian,Male,Italian,Finance and Insurance
5e14b126ecb3eaad48c341fb,5a00bc39728b1b0001ad8971,AWAITING REVIEW,2020-01-07 16:26:19.432000,2020-01-07 16:32:16.296000,356.864,23,318,2,100,,693460E2,United Kingdom,No,Full-Time,United Kingdom,United Kingdom,English,Female,English,Finance and Insurance
5e14b4938f1fafacb5bd60e9,59cbdc1045ca220001197406,AWAITING REVIEW,2020-01-07 16:40:51.839000,2020-01-07 16:47:34.680000,402.841,34,272,4,99,,693460E2,United Kingdom,No,Part-Time,United Kingdom,United Kingdom,Urdu,Female,English,Finance and Insurance
5e14b6ad6f6d3eabc1c8d230,5ba3d4590e41db0001786ca1,AWAITING REVIEW,2020-01-07 16:49:52.079000,2020-01-07 16:52:45.312000,173.233,37,497,0,100,,693460E2,United States,No,Full-Time,United States,United States,English,Female,English,Finance and Insurance
5e14b6f32a7b12000be83a45,5b293dcbd5035800018d86c0,RETURNED,2020-01-07 17:01:00.010000,,850927.197153,27,128,3,97,,,CONSENT REVOKED,CONSENT REVOKED,CONSENT REVOKED,CONSENT REVOKED,CONSENT REVOKED,CONSENT REVOKED,CONSENT REVOKED,CONSENT REVOKED,CONSENT REVOKED
5e14b8c24c81b2ad10664945,5a1eb1ef087f2e0001eafd82,AWAITING REVIEW,2020-01-07 16:58:51.535000,2020-01-07 17:04:14.818000,323.283,37,404,6,99,,693460E2,United Kingdom,No,Part-Time,United Kingdom,United Kingdom,English,Female,English,Finance and Insurance
5e14bad6783225ad7590cddd,5589cd58fdf99b18be3203af,AWAITING REVIEW,2020-01-07 17:07:36.976000,2020-01-07 17:12:38.127000,301.151,35,391,0,100,,693460E2,United States,No,Full-Time,United States,United States,English,Female,English,Finance and Insurance
5e14bb21f9e750ad3958dc53,5a972432873cda0001dc9321,AWAITING REVIEW,2020-01-07 17:08:53.416000,2020-01-07 17:16:10.241000,436.825,47,306,1,100,,693460E2,Germany,No,Part-Time,United Kingdom,United Kingdom,English,Male,English,Finance and Insurance
5e14bbd63b42af02ff38ab47,5a3ca673e7eb810001d35a61,AWAITING REVIEW,2020-01-07 17:11:54.416000,2020-01-07 17:17:15.906000,321.49,29,317,2,100,,693460E2,United Kingdom,No,Full-Time,Canada,United Kingdom,English,Male,English,Finance and Insurance
5e14bc672e4725acc96dbf8c,59b84ad1d793b40001459a0c,AWAITING REVIEW,2020-01-07 17:14:26.850000,2020-01-07 17:23:19.227000,532.377,24,253,0,100,,693460E2,Argentina,No,Full-Time,Italy,Colombia,Spanish,Male,Portuguese,Finance and Insurance
5e14bcc90459c8000acb1969,593675594e31b50001ce1a08,AWAITING REVIEW,2020-01-07 17:15:53.129000,2020-01-07 17:25:01.691000,548.562,61,271,1,100,,693460E2,United Kingdom,No,Part-Time,United Kingdom,United Kingdom,English,Male,English,Finance and Insurance
5e14bdcb4f40fbadff9e2b19,57f78ddf17031e00018fb60c,AWAITING REVIEW,2020-01-07 17:20:15.599000,2020-01-07 17:28:41.695000,506.096,40,289,1,100,,693460E2,Netherlands,No,Full-Time,Netherlands,Netherlands,Dutch,Male,Dutch,Finance and Insurance
5e14bf244f40fbae58339c3d,5b1f717b88ee7400012b4fb1,AWAITING REVIEW,2020-01-07 17:25:59.501000,2020-01-07 17:30:29.254000,269.753,36,467,9,98,,693460E2,United Kingdom,No,Full-Time,United Kingdom,United Kingdom,English,Male,English,Finance and Insurance
5e14c1b7dfdc95ad136b495d,5b14532ce9270900013c5bf6,AWAITING REVIEW,2020-01-07 17:36:58.632000,2020-01-07 17:43:07.597000,368.965,33,383,2,100,,693460E2,United Kingdom,No,Full-Time,United Kingdom,United Kingdom,English,Male,English,Finance and Insurance
5e14c1f5cb93ab0301e2bc28,5ad8dbe2e34a050001b83eac,AWAITING REVIEW,2020-01-07 17:37:57.719000,2020-01-07 17:43:09.938000,312.219,52,369,2,100,,693460E2,United Kingdom,No,Full-Time,United Kingdom,United Kingdom,English,Female,English,Finance and Insurance
5e14c217557425ad4067d0e8,56f29effed0cf60006911528,AWAITING REVIEW,2020-01-07 17:38:33.052000,2020-01-07 17:41:59.266000,206.214,43,342,2,100,,693460E2,United States,No,Full-Time,United States,United States,English,Male,English,Finance and Insurance
5e14c22b39bcdeaced6b46c4,5b7679bf7e61e30001755de4,AWAITING REVIEW,2020-01-07 17:38:51.557000,2020-01-07 17:47:51.441000,539.884,32,74,1,100,,693460E2,Poland,No,Full-Time,Poland,Poland,Polish,Female,"Polish, English",Finance and Insurance
5e14c2ba535e84000dac609d,59955d4ea2bbe0000188334d,RETURNED,2020-01-07 17:41:17.197000,,848510.342029,30,262,3,100,,,CONSENT REVOKED,CONSENT REVOKED,CONSENT REVOKED,CONSENT REVOKED,CONSENT REVOKED,CONSENT REVOKED,CONSENT REVOKED,CONSENT REVOKED,CONSENT REVOKED
5e14c340feea89abd1d6ca63,59dfb52a3e4b5a00016a9ad6,AWAITING REVIEW,2020-01-07 17:43:29.982000,2020-01-07 17:49:05.564000,335.582,32,140,4,98,,693460E2,United Kingdom,No,Full-Time,United Kingdom,United Kingdom,English,Female,English,Finance and Insurance
5e14c406e632e1abdd10074f,5af29acb86e4d20001a0206e,TIMED-OUT,2020-01-07 17:46:46.326000,,848181.238,39,39,0,100,,,United Kingdom,No,Full-Time,United Kingdom,United Kingdom,English,Female,English,Finance and Insurance
5e14c4878dffa0acdf3b98cf,5b2161ce38b0be00014138a5,AWAITING REVIEW,2020-01-07 17:49:04.611000,2020-01-07 18:02:05.173000,780.562,43,175,1,100,,693460E2,Zambia,No,Part-Time,United Kingdom,United Kingdom,English,Female,English,Finance and Insurance
5e14c490da6badadc3413666,5af573e7b4dfd600018fc0be,AWAITING REVIEW,2020-01-07 17:49:06.872000,2020-01-07 17:53:40.562000,273.69,44,258,3,100,,693460E2,France,No,Full-Time,United Kingdom,United Kingdom,French,Female,German,Finance and Insurance
5e14c50f7d215a000afc5615,5a7096746fc3c60001f9598e,AWAITING REVIEW,2020-01-07 17:51:14.475000,2020-01-07 17:53:57.833000,163.358,26,154,2,100,,693460E2,United States,No,Full-Time,United States,United States,English,Female,Spanish,Finance and Insurance
5e14c52c3ff985000c48906c,5b2465d4007d870001c7926a,AWAITING REVIEW,2020-01-07 17:51:56.724000,2020-01-07 18:02:50.162000,653.438,44,598,1,100,,693460E2,United States,No,Full-Time,United States,United States,English,Male,English,Finance and Insurance
5e14c5685005ccaeefb6cd75,5a904f34f6dfdd0001ea2283,AWAITING REVIEW,2020-01-07 17:52:40.528000,2020-01-07 18:03:43.172000,662.644,35,99,0,100,,693460E2,United Kingdom,No,Part-Time,United Kingdom,United Kingdom,English,Female,English,Finance and Insurance
5e14c5c9eb9299000e23b844,597fe89a1b41a20001749f57,AWAITING REVIEW,2020-01-07 17:54:22.156000,2020-01-07 17:59:59.701000,337.545,41,823,2,100,,693460E2,United States,No,Full-Time,United States,United States,English,Female,English,Finance and Insurance
5e14c60706d8cb000bbae269,5b0281bcc573030001c35959,AWAITING REVIEW,2020-01-07 17:55:26.569000,2020-01-07 17:57:07.992000,101.423,21,26,2,92,,693460E2,United States,No,Part-Time,United States,United States,English,Male,Chinese,Finance and Insurance
5e14c61679876d000bb6fe22,58c6a76a7f7f9f0001c2cb19,AWAITING REVIEW,2020-01-07 17:55:38.452000,2020-01-07 18:01:25.476000,347.024,47,228,2,100,,693460E2,United Kingdom,No,Full-Time,United Kingdom,United Kingdom,English,Female,English,Finance and Insurance
5e14c801a92125000cf4a2f6,590631366462090001a7f12a,TIMED-OUT,2020-01-07 18:03:50.265000,,847157.54549,41,195,1,100,,,United Kingdom,No,Part-Time,United Kingdom,United Kingdom,English,Female,English,Finance and Insurance
5e14c821af0f0103ca8e6d73,5622e4dced6e5a0005c80078,AWAITING REVIEW,2020-01-07 18:04:23.728000,2020-01-07 18:12:20.685000,476.957,47,391,0,100,,693460E2,United States,No,Full-Time,United States,United States,English,Female,English,Finance and Insurance
5e14c863e69d0aaf5047f197,596f9bd71a0f2200019a9823,AWAITING REVIEW,2020-01-07 18:05:23.776000,2020-01-07 18:10:26.958000,303.182,32,455,9,98,,693460E2,United Kingdom,No,Part-Time,United Kingdom,United Kingdom,English,Female,English,Finance and Insurance
5e14c9583b42af04daac1e94,5a766fb01904200001556d05,AWAITING REVIEW,2020-01-07 18:09:35.613000,2020-01-07 18:18:36.775000,541.162,38,203,0,100,,693460E2,Canada,No,Part-Time,Canada,Canada,English,Female,English,Finance and Insurance
5e14c9aec12a36ae4034f742,5bce155e561901000121006f,AWAITING REVIEW,2020-01-07 18:11:02.172000,2020-01-07 18:15:28.631000,266.459,37,197,1,100,,693460E2,United Kingdom,No,Full-Time,United Kingdom,United Kingdom,English,Female,English,
5e14cb504cac68ae6ac47357,5baab77a9507e2000158683a,AWAITING REVIEW,2020-01-07 18:17:52.274000,2020-01-07 18:25:43.146000,470.872,28,51,1,99,,693460E2,Canada,Yes,Full-Time,Canada,Canada,English,Female,English,Finance and Insurance
5e14cd9611999fafa65feae6,5b1e2c3d2767e20001e5372e,AWAITING REVIEW,2020-01-07 18:36:06.292000,2020-01-07 18:43:56.589000,470.297,38,108,0,100,,693460E2,New Zealand,No,Full-Time,New Zealand,New Zealand,English,Female,English,Finance and Insurance
5e14d0cb6e597b000b748053,5b5c6ac94e945800017d9360,AWAITING REVIEW,2020-01-07 18:41:18.912000,2020-01-07 18:49:52.935000,514.023,43,100,1,100,,693460E2,Mozambique,No,Full-Time,United Kingdom,Portugal,Portuguese,Female,Portuguese,Finance and Insurance
5e14d127ecb3eaaf82a29eea,5af625943aba4900015ed3c7,AWAITING REVIEW,2020-01-07 18:45:00.857000,2020-01-07 18:52:15.943000,435.086,29,96,0,100,,693460E2,Mexico,No,Full-Time,Mexico,Mexico,Spanish,Male,"English, Spanish",Finance and Insurance
5e14d2b93ab1ce000b6de9ea,5ab5a51be1546900019b59ff,AWAITING REVIEW,2020-01-07 18:49:30.969000,2020-01-07 18:53:02.872000,211.903,30,403,3,99,,693460E2,China,No,Full-Time,United States,United States,Chinese,Male,Chinese,Finance and Insurance
5e14d2e58d257baf118aaaab,5b7b03b8c4e6ad0001d32617,AWAITING REVIEW,2020-01-07 18:50:15.502000,2020-01-07 18:54:55.864000,280.362,34,174,11,91,,693460E2,Poland,No,Full-Time,Poland,Poland,Polish,Male,German,Finance and Insurance
5e14d34ae78021ae270eecc2,5b9034f37afa2a0001f72905,AWAITING REVIEW,2020-01-07 18:52:03.680000,2020-01-07 18:58:38.590000,394.91,28,122,0,100,,693460E2,United Kingdom,Yes,Full-Time,United Kingdom,United Kingdom,English,Female,English,Finance and Insurance
5e14d48c9b92b1aed33b7e20,5bab5f23fdc48b00017769b7,AWAITING REVIEW,2020-01-07 18:57:16.542000,2020-01-07 19:08:13.622000,657.08,30,153,1,100,,693460E2,United Kingdom,No,Full-Time,United Kingdom,United Kingdom,English,Male,English,Finance and Insurance
5e14d4958fdce7000bd686d5,5ac9e0299534ba0001c76e80,AWAITING REVIEW,2020-01-07 18:57:28.662000,2020-01-07 19:05:39.938000,491.276,46,232,8,96,,693460E2,United Kingdom,Yes,Full-Time,United Kingdom,United Kingdom,English,Female,English,Finance and Insurance
5e14d500cfabd1000bcd183c,58509fbda6946500016117ed,AWAITING REVIEW,2020-01-07 18:59:20.487000,2020-01-07 19:02:52.772000,212.285,34,781,5,99,,693460E2,United States,No,Full-Time,United States,United States,English,Male,"English, Spanish",Finance and Insurance
5e14d5f38dffa0adaa4bd267,5a039a5efe645f0001e9eb3d,AWAITING REVIEW,2020-01-07 19:03:15.013000,2020-01-07 19:07:50.709000,275.696,25,57,0,100,,693460E2,United Kingdom,No,Full-Time,United Kingdom,United Kingdom,English,Female,English,Finance and Insurance
5e14d6cf2e4725ae55dcb44c,5b9f16c0962418000113290a,AWAITING REVIEW,2020-01-07 19:06:57.554000,2020-01-07 19:15:39.489000,521.935,25,211,2,100,,693460E2,United States,Yes,Full-Time,United States,United States,English,Female,English,Finance and Insurance
5e14d71fe632e1adb015aa06,597cf6b07fd75300013451f3,AWAITING REVIEW,2020-01-07 19:08:20.940000,2020-01-07 19:17:13.268000,532.328,62,459,6,99,,693460E2,United Kingdom,No,Full-Time,United Kingdom,United Kingdom,English,Female,English,Finance and Insurance
5e14d857f66c20000cd2bb9b,5a21aabb2b98bc0001a67c65,AWAITING REVIEW,2020-01-07 19:13:30.504000,2020-01-07 19:17:37.718000,247.214,51,62,2,99,,693460E2,United Kingdom,No,Full-Time,United Kingdom,United Kingdom,English,Male,English,Finance and Insurance
5e14d884082675ae2e60ee71,5b15c265d282ff00015c4576,AWAITING REVIEW,2020-01-07 19:14:19.785000,2020-01-07 19:20:06.060000,346.275,33,879,4,100,,693460E2,United States,Yes,Full-Time,United States,United States,English,Male,English,Finance and Insurance
5e14d9f82e4725aec51d6e49,599c578d8acf1e0001599633,AWAITING REVIEW,2020-01-07 19:20:24.021000,2020-01-07 19:26:56.416000,392.395,58,350,1,100,,693460E2,United Kingdom,No,Full-Time,United Kingdom,United Kingdom,English,Male,English,Finance and Insurance
5e14da28397f470136ab8535,5abd377ea3ba7a0001b45bf2,AWAITING REVIEW,2020-01-07 19:21:15.485000,2020-01-07 19:25:59.519000,284.034,50,532,1,100,,693460E2,Spain,No,Full-Time,United States,United States,Spanish,Female,English,Finance and Insurance
5e14daa43b42af05b4986e12,5bb5ddb068558a000125ab50,AWAITING REVIEW,2020-01-07 19:23:16.257000,2020-01-07 19:27:17.496000,241.239,31,83,2,99,,693460E2,United Kingdom,No,Full-Time,United Kingdom,United Kingdom,English,Male,English,Finance and Insurance
5e14dcabaf0f0105ac8d43a0,59d3ff9e078dbe0001951196,AWAITING REVIEW,2020-01-07 19:31:55.616000,2020-01-07 19:37:56.551000,360.935,34,20,0,100,,693460E2,Romania,No,Full-Time,United Kingdom,Romania,Romanian,Female,"English, Romanian",Finance and Insurance
5e14dd16805a30affb40bf60,597069324d10cd00014e154d,AWAITING REVIEW,2020-01-07 19:33:42.732000,2020-01-07 19:39:05.605000,322.873,28,401,12,96,,693460E2,United Kingdom,No,Full-Time,United Kingdom,United Kingdom,English,Female,English,Finance and Insurance
5e14dd777adf4bae1409f77a,5991f4b8cceb0f0001b39bc8,AWAITING REVIEW,2020-01-07 19:35:21.254000,2020-01-07 19:54:32.926000,1151.672,26,243,2,100,,693460E2,Italy,DATA EXPIRED,Full-Time,Italy,Italy,Italian,Male,"English, Italian",Finance and Insurance
5e14dd8cdc79bdaf55d967b6,5a6dbea3e6cc4a0001b6c916,RETURNED,2020-01-07 19:35:45.910000,,841642.625063,50,434,6,99,,,CONSENT REVOKED,CONSENT REVOKED,CONSENT REVOKED,CONSENT REVOKED,CONSENT REVOKED,CONSENT REVOKED,CONSENT REVOKED,CONSENT REVOKED,CONSENT REVOKED
5e14de98f87bcaae350d0e19,57e69f636598aa0001993629,AWAITING REVIEW,2020-01-07 19:40:08.553000,2020-01-07 20:19:05.300000,2336.747,56,49,0,100,,NOCODE,Germany,No,Part-Time,United Kingdom,United Kingdom,English,Female,English,Finance and Insurance
5e14de9a8d257bafe089d70d,55d06fd334e9060012e5781c,AWAITING REVIEW,2020-01-07 19:40:12.063000,2020-01-07 19:48:58.880000,526.817,32,462,6,99,,693460E2,United Kingdom,No,Full-Time,United Kingdom,United Kingdom,English,Female,English,Finance and Insurance
5e14e106995b5e017ed7c9a2,5a646e2435f26b0001492aa3,AWAITING REVIEW,2020-01-07 19:50:35.410000,2020-01-07 20:06:49.583000,974.173,45,163,0,100,,693460E2,Italy,No,Full-Time,Italy,Italy,Italian,Male,English,Finance and Insurance
5e14e1764c81b2af1dda80e2,5796466d25cb71000128b16c,AWAITING REVIEW,2020-01-07 19:52:32.136000,2020-01-07 20:04:23.686000,711.55,49,167,4,99,,693460E2,Netherlands,No,Full-Time,Netherlands,Netherlands,Dutch,Male,English,Finance and Insurance
5e14e1e1749b77000e711649,55d234565bc5bc0005d90389,RETURNED,2020-01-07 20:05:00.066000,,839888.575432,29,629,1,100,,,CONSENT REVOKED,CONSENT REVOKED,CONSENT REVOKED,CONSENT REVOKED,CONSENT REVOKED,CONSENT REVOKED,CONSENT REVOKED,CONSENT REVOKED,CONSENT REVOKED
5e14e21079d9e70545a5a5c3,5bd2e5ee1f1b080001bf2f99,AWAITING REVIEW,2020-01-07 19:54:56.428000,2020-01-07 20:03:17.054000,500.626,51,334,0,100,,693460E2,United Kingdom,No,Full-Time,United Kingdom,United Kingdom,English,Male,English,Finance and Insurance
5e14e26e557425ae6a7cfea1,5936d77cebf54a0001566901,AWAITING REVIEW,2020-01-07 19:56:33.021000,2020-01-07 20:01:49.408000,316.387,33,244,2,100,,693460E2,United Kingdom,No,Full-Time,United Kingdom,United Kingdom,English,Female,English,Finance and Insurance
5e14e2f2d62abeae9ff1aa06,5bc26cf6e4ef1d00016ca6d5,RETURNED,2020-01-07 19:58:45.262000,,840263.433113,40,287,1,100,,,CONSENT REVOKED,CONSENT REVOKED,CONSENT REVOKED,CONSENT REVOKED,CONSENT REVOKED,CONSENT REVOKED,CONSENT REVOKED,CONSENT REVOKED,CONSENT REVOKED
5e14e4dedc79bdb02d5fb036,5933e8cbf0150b0001734c49,AWAITING REVIEW,2020-01-07 20:06:57.983000,2020-01-07 20:12:33.795000,335.812,41,569,5,100,,693460E2,United Kingdom,No,Full-Time,United Kingdom,United Kingdom,English,Female,English,Finance and Insurance
5e14e4ec7605feaf9071669d,5a8f60fe8fe2dc000106657d,AWAITING REVIEW,2020-01-07 20:07:08.127000,2020-01-07 20:11:03.648000,235.521,49,102,3,98,,693460E2,United Kingdom,No,Full-Time,United Kingdom,United Kingdom,English,Female,English,Finance and Insurance
5e14e5bbf87bcaaefe35b267,59f0458e3e4b5a00016aaaa0,AWAITING REVIEW,2020-01-07 20:10:35.879000,2020-01-07 20:15:09.825000,273.946,44,38,1,100,,693460E2,United Kingdom,No,Part-Time,United Kingdom,United Kingdom,English,Female,English,Finance and Insurance
5e14e8358f1fafaef5fc8e67,576b0cef7f3abb0001fe94f1,AWAITING REVIEW,2020-01-07 20:21:12.896000,2020-01-07 20:32:03.947000,651.051,27,1174,18,98,,693460E2,United States,No,Full-Time,United States,United States,English,Male,English,Finance and Insurance
5e14e90d3a6a8a000cf0b999,5a074adcff266c0001d1fd17,AWAITING REVIEW,2020-01-07 20:24:48.165000,2020-01-07 20:31:02.633000,374.468,35,271,2,100,,693460E2,United Kingdom,Yes,Full-Time,United Kingdom,United Kingdom,English,Male,English,Finance and Insurance
5e14e920e44abf06b4cb8284,5a91cb166219a30001d2e6ef,AWAITING REVIEW,2020-01-07 20:25:06.802000,2020-01-07 20:32:14.405000,427.603,27,317,2,100,,693460E2,United Kingdom,No,Full-Time,United Kingdom,United Kingdom,English,Male,English,Finance and Insurance
5e14e981839079afb6d3fa1f,58b7232a67ae1000010646dd,AWAITING REVIEW,2020-01-07 20:26:44.141000,2020-01-07 20:37:54.473000,670.332,49,268,3,99,,693460E2,Bulgaria,No,Full-Time,Germany,Bulgaria,Bulgarian,Female,"English, Bulgarian, German, Greek, Russian",Finance and Insurance
5e14eb717caa1eaf564758ab,594be574ecd509000182c825,TIMED-OUT,2020-01-07 20:34:57.597000,,838091.293661,35,210,5,98,,,United Kingdom,No,Part-Time,United Kingdom,United Kingdom,English,Female,English,Finance and Insurance
5e14ec925777b5b11a016e83,5974d1487dd1460001ec4826,AWAITING REVIEW,2020-01-07 20:39:46.711000,2020-01-07 20:46:06.447000,379.736,41,132,0,100,,693460E2,United Kingdom,No,Part-Time,United Kingdom,United Kingdom,English,Female,English,Finance and Insurance
5e14ed666e6d8d000d4e0d4f,5b8abe3ba014120001b52c42,AWAITING REVIEW,2020-01-07 20:43:22.351000,2020-01-07 20:46:24.961000,182.61,58,65,3,96,,693460E2,Guyana,No,Full-Time,United States,United States,English,Male,English,Finance and Insurance
5e14ee33afb8b0b04a7d11f5,55b74f71fdf99b6e0c49975b,AWAITING REVIEW,2020-01-07 20:46:46.235000,2020-01-07 20:50:39.427000,233.192,42,516,8,98,,693460E2,United States,No,Full-Time,United States,United States,English,Male,English,Finance and Insurance
5e14ef5e451be5b051b4377a,5aa6e29435237b0001130d68,AWAITING REVIEW,2020-01-07 20:51:44.433000,2020-01-07 20:56:40.462000,296.029,24,533,2,100,,693460E2,China,No,Full-Time,United States,United States,Chinese,Female,"English, Chinese",Finance and Insurance
5e14efc6ef7f5eaf92ebf512,5b5315d7303c33000165a984,AWAITING REVIEW,2020-01-07 20:53:28.530000,2020-01-07 21:00:37.675000,429.145,37,126,1,100,,693460E2,United Kingdom,No,,United Kingdom,United Kingdom,English,Male,English,Finance and Insurance
5e14f16415ef40b065e492cf,5938e042e9b44100013ae891,AWAITING REVIEW,2020-01-07 21:00:51.207000,2020-01-07 21:06:39.828000,348.621,34,869,1,100,,693460E2,United States,No,Full-Time,United States,United States,English,Female,English,Finance and Insurance
5e14f18511999fb20b95dd9d,5a9a9a34dbdb470001eee32c,AWAITING REVIEW,2020-01-07 21:00:56.546000,2020-01-07 21:05:10.498000,253.952,42,462,2,100,,693460E2,United States,No,Full-Time,United States,United States,English,Male,English,Finance and Insurance
5e14f29847015e000ae1a020,5976c35f7c7f6f000188e737,AWAITING REVIEW,2020-01-07 21:05:31.916000,2020-01-07 21:09:24.479000,232.563,43,415,3,100,,693460E2,United States,No,Full-Time,United States,United States,English,Male,English,Finance and Insurance
5e14f48e09f864000b264a7a,59fe36ab517dfb00013dad22,AWAITING REVIEW,2020-01-07 21:13:54.773000,2020-01-07 21:20:42.572000,407.799,47,271,1,100,,693460E2,United Kingdom,No,Full-Time,United Kingdom,United Kingdom,English,Male,English,Finance and Insurance
5e14f9715e8e02017522a811,59902dbbb2bf030001c4f1b3,AWAITING REVIEW,2020-01-07 21:34:41.177000,2020-01-07 21:40:46.141000,364.964,35,39,1,100,,693460E2,Slovakia,No,Full-Time,United Kingdom,Slovakia,Slovak,Female,English,Finance and Insurance
5e14fa1ec12a36b0e84aa86b,5b61d0768de04c000171cf1b,AWAITING REVIEW,2020-01-07 21:37:42.910000,2020-01-07 21:46:49.408000,546.498,32,339,1,100,,693460E2,United Kingdom,No,Full-Time,United Kingdom,United Kingdom,English,Female,English,Finance and Insurance
5e14fab46887bcb138751e11,5a5e2217ac562400015411d0,TIMED-OUT,2020-01-07 21:40:04.080000,,834185.167963,46,88,3,98,,,United Kingdom,No,Part-Time,United Kingdom,United Kingdom,English,Female,English,Finance and Insurance
5e14fc09c12a36b13ea4c3ba,59ff8226ab721b0001ef6e61,AWAITING REVIEW,2020-01-07 21:45:48.675000,2020-01-07 21:57:10.356000,681.681,41,278,0,100,,693460E2,United Kingdom,No,Full-Time,United Kingdom,United Kingdom,English,Male,English,Finance and Insurance
5e14ffa924f939b07fb93df3,58a8b4ae6a8d3b00017ecc43,AWAITING REVIEW,2020-01-07 22:01:17.426000,2020-01-07 22:05:44.163000,266.737,27,195,0,100,,693460E2,United States,No,Full-Time,United States,United States,English,Female,English,Finance and Insurance
5e1503094fa02ab24a6f12ef,5a9740dff6dfdd0001ea740f,AWAITING REVIEW,2020-01-07 22:15:37.834000,2020-01-07 22:20:54.285000,316.451,57,119,0,100,,693460E2,United States,Yes,Full-Time,United States,United States,English,Male,English,Finance and Insurance
5e1504a1ac9e16b261bed50a,59534fbccea3470001827e3f,AWAITING REVIEW,2020-01-07 22:22:27.710000,2020-01-07 22:25:39.790000,192.08,32,135,3,99,,693460E2,United Kingdom,No,Full-Time,United Kingdom,United Kingdom,English,Female,English,Finance and Insurance
5e1508b41e8275000c366e34,5bba5bd39672860001e26aba,AWAITING REVIEW,2020-01-07 22:39:48.904000,2020-01-07 22:44:03.680000,254.776,25,77,4,97,,NOCODE,United Kingdom,No,Full-Time,United Kingdom,United Kingdom,English,Male,"English, Hindi, Chinese",Finance and Insurance
5e1509094f849eb219b5ef57,577a6900f8f7ed00014b537b,AWAITING REVIEW,2020-01-07 22:41:20.891000,2020-01-07 22:52:05.304000,644.413,36,521,5,100,,693460E2,United Kingdom,No,Full-Time,United Kingdom,United Kingdom,English,Male,English,Finance and Insurance
5e15096f3e2337000ed6ea3a,55cfa00534e9060012e5709e,AWAITING REVIEW,2020-01-07 22:42:55.213000,2020-01-07 22:49:15.972000,380.759,37,126,0,100,,693460E2,Italy,Yes,Full-Time,United Kingdom,Italy,Italian,Male,Italian,Finance and Insurance
5e150a38839079b1ffa2fefa,59988b87bbe8480001796613,AWAITING REVIEW,2020-01-07 22:46:27.499000,2020-01-07 22:50:33.196000,245.697,24,244,5,99,,693460E2,United Kingdom,No,Full-Time,United Kingdom,United Kingdom,English,Male,English,Finance and Insurance
5e150f2511d879b331c24b13,55ca22a2fdf99b34143003e1,AWAITING REVIEW,2020-01-07 23:07:24.879000,2020-01-07 23:11:48.123000,263.244,26,576,0,100,,693460E2,United States,No,Full-Time,United States,United States,English,Female,English,Finance and Insurance
5e1513f039bcdeb2719fee1a,55a82361fdf99b058cb281bd,AWAITING REVIEW,2020-01-07 23:27:47.003000,2020-01-07 23:31:50.236000,243.233,32,721,9,99,,693460E2,United States,No,Full-Time,United States,United States,English,Male,English,Finance and Insurance
5e1514777adf4bb2517011ad,59d38a2f862b67000119d775,AWAITING REVIEW,2020-01-07 23:29:59.330000,2020-01-07 23:45:32.261000,932.931,33,248,2,100,,693460E2,United States,No,Full-Time,United States,Italy,English,Female,English,Finance and Insurance
5e151d3c94d5eeb397f4834b,5aadbe52811b2000016f7633,AWAITING REVIEW,2020-01-08 00:07:31.977000,2020-01-08 00:19:08.488000,696.511,33,390,3,100,,693460E2,United States,No,Full-Time,United States,United States,English,Male,English,Finance and Insurance
5e15247b35a7a5b3863c31a9,572a31e8d7299f000f7b594a,RETURNED,2020-01-08 00:38:22.473000,,823487.254165,39,596,4,100,,,CONSENT REVOKED,CONSENT REVOKED,CONSENT REVOKED,CONSENT REVOKED,CONSENT REVOKED,CONSENT REVOKED,CONSENT REVOKED,CONSENT REVOKED,CONSENT REVOKED
5e152568afb8b0b343c9aa9a,5b73083415d03a0001ea316b,AWAITING REVIEW,2020-01-08 00:42:20.186000,2020-01-08 00:50:37.026000,496.84,47,126,0,100,,693460E2,South Africa,No,Full-Time,Canada,Canada,English,Male,"English, Afrikaans",Finance and Insurance
5e1537436aab7cb373edd31a,5724dbdc386f1b0011e92b81,AWAITING REVIEW,2020-01-08 01:58:30.938000,2020-01-08 02:08:40.687000,609.749,47,94,0,100,,693460E2,United States,,,United States,United States,English,Female,,
5e153a2a76c03bb4e2703ff6,5b207e68c9d3cb0001108ddc,AWAITING REVIEW,2020-01-08 02:10:55.162000,2020-01-08 02:15:56.466000,301.304,31,181,4,98,,693460E2,Canada,No,Full-Time,Canada,Canada,English,Male,Italian,Finance and Insurance
5e154e0eb7b330b59c3a9fe2,5b255d17a7cee100011d8551,AWAITING REVIEW,2020-01-08 03:35:49.999000,2020-01-08 03:47:26.780000,696.781,31,323,2,100,,693460E2,United Kingdom,No,Full-Time,United Kingdom,United Kingdom,English,Female,English,Finance and Insurance
5e1577a558a5c7b8e1081339,5a0980dfa383a100011b49bc,AWAITING REVIEW,2020-01-08 06:33:09.758000,2020-01-08 06:40:37.361000,447.603,33,27,1,99,,693460E2,United Kingdom,No,Part-Time,United Kingdom,United Kingdom,English,Female,English,Finance and Insurance
5e157bd0cda2d6b5eaf1f3e9,5976451e0673e400019617e3,RETURNED,2020-01-08 06:50:59.183000,,801130.779853,34,144,5,97,,,CONSENT REVOKED,CONSENT REVOKED,CONSENT REVOKED,CONSENT REVOKED,CONSENT REVOKED,CONSENT REVOKED,CONSENT REVOKED,CONSENT REVOKED,CONSENT REVOKED
5e158005deea2bb7d3322f49,5a7886822a842c0001fc3c84,RETURNED,2020-01-08 07:08:55.255000,,800054.707989,28,160,5,96,,,CONSENT REVOKED,CONSENT REVOKED,CONSENT REVOKED,CONSENT REVOKED,CONSENT REVOKED,CONSENT REVOKED,CONSENT REVOKED,CONSENT REVOKED,CONSENT REVOKED
5e15821b9b92b1b7d41dc85b,57310c291efe74000e3089f4,AWAITING REVIEW,2020-01-08 07:17:49.857000,2020-01-08 07:25:03.935000,434.078,46,673,20,95,,693460E2,United Kingdom,No,Full-Time,United Kingdom,United Kingdom,English,Female,English,Finance and Insurance
5e1590cbdeea2bb8880d7bf8,5a53b69176d1c60001aac043,AWAITING REVIEW,2020-01-08 08:20:29.754000,2020-01-08 08:25:33.687000,303.933,28,319,4,99,,693460E2,United Kingdom,No,Full-Time,United Kingdom,United Kingdom,English,Female,English,Finance and Insurance
5e15910337241cb6cfbec59b,571dd9b913b1b70009be2d86,AWAITING REVIEW,2020-01-08 08:21:28.949000,2020-01-08 08:28:28.327000,419.378,50,1100,8,100,,693460E2,United Kingdom,No,Full-Time,United Kingdom,United Kingdom,English,Male,English,Finance and Insurance
5e1591bd4fa02ab9380de0d8,5a1d9acffe645f0001ea09e9,AWAITING REVIEW,2020-01-08 08:24:32.727000,2020-01-08 08:31:28.968000,416.241,26,360,3,100,,693460E2,United Kingdom,No,Full-Time,United Kingdom,United Kingdom,English,Male,English,Finance and Insurance
5e1594609195c6b8a18fa413,5bbc603e7624280001366e60,RETURNED,2020-01-08 08:46:00.060000,,794230.028059,28,87,1,100,,,CONSENT REVOKED,CONSENT REVOKED,CONSENT REVOKED,CONSENT REVOKED,CONSENT REVOKED,CONSENT REVOKED,CONSENT REVOKED,CONSENT REVOKED,CONSENT REVOKED
5e159b3c4a2ad4b7c6cd5007,5af2b7ce5847970001e3532b,AWAITING REVIEW,2020-01-08 09:05:01.837000,2020-01-08 09:10:19.504000,317.667,38,207,0,100,,693460E2,United Kingdom,No,Full-Time,United Kingdom,United Kingdom,English,Male,English,Finance and Insurance
5e15a0a12e4725b85c973f3a,5ba7bd66d60daf0001533762,AWAITING REVIEW,2020-01-08 09:28:04.579000,2020-01-08 09:33:03.223000,298.644,27,73,0,100,,693460E2,United Kingdom,No,Full-Time,United Kingdom,United Kingdom,English,Female,English,Finance and Insurance
5e15c08a814bbaba0b273d64,5a625da431b87a0001c6de3a,AWAITING REVIEW,2020-01-08 11:44:14.695000,2020-01-08 11:49:07.868000,293.173,41,112,1,100,,693460E2,United Kingdom,No,Full-Time,Ireland,United Kingdom,English,Female,English,Finance and Insurance
5e15c210b199e4ba46bc8be1,5b3b9c0fdd6af000014d3255,AWAITING REVIEW,2020-01-08 11:50:47.242000,2020-01-08 11:56:48.602000,361.36,30,202,7,96,,693460E2,United Kingdom,Yes,Full-Time,United Kingdom,United Kingdom,English,Female,English,Finance and Insurance
5e15c718451be5ba8843e99c,58f4e5c590f5ff0001aef50c,AWAITING REVIEW,2020-01-08 12:12:11.553000,2020-01-08 12:18:03.922000,352.369,30,175,0,100,,693460E2,Canada,No,Full-Time,Canada,Canada,French,Male,"English, French",Finance and Insurance
5e15cca354e2f0ba226a3c3f,5873e83d1ed9d1000105084e,AWAITING REVIEW,2020-01-08 12:35:49.856000,2020-01-08 12:41:07.709000,317.853,34,317,1,100,,693460E2,United Kingdom,No,Full-Time,United Kingdom,United Kingdom,English,Female,English,Finance and Insurance
5e15d1f55a6f73000eeaaf40,5ab2ef8561533800011c6202,AWAITING REVIEW,2020-01-08 12:58:34.416000,2020-01-08 13:07:16.464000,522.048,41,212,3,99,,693460E2,Canada,No,Full-Time,United Kingdom,United Kingdom,English,Female,English,Finance and Insurance
5e15d4ce4fa02abcfe90e3be,56051814e372c00011bd556a,AWAITING REVIEW,2020-01-08 13:10:50.853000,2020-01-08 13:20:16.284000,565.431,32,741,1,100,,693460E2,United Kingdom,No,Part-Time,United Kingdom,United Kingdom,English,Female,English,Finance and Insurance
5e15dc5c9483d7000d2f4b00,5bce72fa5868570001b2df5e,AWAITING REVIEW,2020-01-08 13:42:55.398000,2020-01-08 13:48:59.454000,364.056,23,113,0,100,,693460E2,United States,Yes,Part-Time,United States,United States,English,Female,English,Finance and Insurance
5e15e36e805a30bd94f6bb89,5a1342b7f2e3460001edbfd2,AWAITING REVIEW,2020-01-08 14:13:04.490000,2020-01-08 14:23:31.053000,626.563,35,388,6,99,,693460E2,United Kingdom,No,Full-Time,United Kingdom,United Kingdom,English,Male,French,Finance and Insurance
5e15e528dfdf62000d1d1b14,5982ff7c127287000185f50a,AWAITING REVIEW,2020-01-08 14:20:26.562000,2020-01-08 14:25:02.711000,276.149,38,309,9,98,,693460E2,United Kingdom,No,Full-Time,United Kingdom,United Kingdom,English,Male,English,Finance and Insurance
5e15e84ffe1085bd480e0085,5b740aa25443780001b046d6,AWAITING REVIEW,2020-01-08 14:33:56.497000,2020-01-08 14:37:33.009000,216.512,26,275,3,100,,693460E2,United Kingdom,No,Full-Time,United Kingdom,United Kingdom,English,Female,English,Finance and Insurance
5e15f1429a993fbeb6d7ca74,5b04acca331e8100018f76ce,AWAITING REVIEW,2020-01-08 15:12:06.564000,2020-01-08 15:18:42.134000,395.57,54,274,3,99,,693460E2,United States,No,Part-Time,United States,United States,English,Female,English,Finance and Insurance
5e160af8e6d0b5000a3b4d04,596cdbed5d5ee80001121b8e,AWAITING REVIEW,2020-01-08 17:01:51.167000,2020-01-08 17:11:32.782000,581.615,28,256,3,100,,693460E2,France,No,Full-Time,France,France,French,Male,"English, German",Finance and Insurance
5e161c0a130644c10a50a947,5b537201c09af90001f100da,AWAITING REVIEW,2020-01-08 18:18:42.564000,2020-01-08 18:23:46.591000,304.027,45,328,2,100,,693460E2,United Kingdom,No,Full-Time,United Kingdom,United Kingdom,English,Female,English,Finance and Insurance
5e1622220db892c1947a08ce,59d3b320b5367100017112af,RETURNED,2020-01-08 18:40:34.873000,,758555.690724,42,108,1,100,,,CONSENT REVOKED,CONSENT REVOKED,CONSENT REVOKED,CONSENT REVOKED,CONSENT REVOKED,CONSENT REVOKED,CONSENT REVOKED,CONSENT REVOKED,CONSENT REVOKED
5e16226acd994205150b4aee,58395e80684ad00001e9f8ef,AWAITING REVIEW,2020-01-08 18:41:46.952000,2020-01-08 18:46:51.313000,304.361,41,456,7,98,,693460E2,United Kingdom,No,Full-Time,United Kingdom,United Kingdom,English,Female,English,Finance and Insurance
5e16280af965b8000ea924ef,5989b85ce684850001dfe29c,AWAITING REVIEW,2020-01-08 19:05:48.845000,2020-01-08 19:11:16.496000,327.651,50,374,0,100,,693460E2,United States,No,Full-Time,United Kingdom,United States,English,Female,English,Finance and Insurance
5e162e31451be5c0b62569ca,5a1c8a8e087f2e0001eafb35,AWAITING REVIEW,2020-01-08 19:32:03.904000,2020-01-08 19:36:09.078000,245.174,35,306,0,100,,693460E2,United States,No,Full-Time,United States,United States,English,Female,English,Finance and Insurance
5e1632cc814bbac1e0860be7,5a08178d7542890001aa697e,AWAITING REVIEW,2020-01-08 19:51:40.393000,2020-01-08 19:56:43.311000,302.918,34,299,9,97,,693460E2,Malta,No,Full-Time,United Kingdom,Malta,English,Female,English,Finance and Insurance
5e163535feea89c08bfa3074,5985c60773278100014b2f8e,AWAITING REVIEW,2020-01-08 20:03:08.678000,2020-01-08 20:07:41.480000,272.802,38,126,2,100,,693460E2,United Kingdom,No,Part-Time,United Kingdom,United Kingdom,English,Male,English,Finance and Insurance
5e1635bde78021c0e6cdc49f,5a1f38ea120fb3000194a782,AWAITING REVIEW,2020-01-08 20:04:13.112000,2020-01-08 20:09:00.513000,287.401,34,51,0,100,,693460E2,Greece,No,Full-Time,United Kingdom,Greece,Greek,Male,"English, Greek",Finance and Insurance
5e16377f5005ccc30fce7e73,5590722dfdf99b729d4f6931,AWAITING REVIEW,2020-01-08 20:11:44.593000,2020-01-08 20:15:45.620000,241.027,35,145,2,100,,693460E2,United Kingdom,No,Full-Time,United Kingdom,United Kingdom,English,Female,English,Finance and Insurance
5e16378af23d27000a6dcc8f,5af577253aba4900015ec351,AWAITING REVIEW,2020-01-08 20:11:54.375000,2020-01-08 20:16:40.880000,286.505,29,5,0,100,,693460E2,Latvia,No,Full-Time,Latvia,Latvia,Latvian,Male,English,Finance and Insurance
5e16400ea98a7ac55cd3719c,5b6ad8e6c1a1d10001b74820,RETURNED,2020-01-08 20:48:14.893000,,750895.879049,27,26,0,100,,,CONSENT REVOKED,CONSENT REVOKED,CONSENT REVOKED,CONSENT REVOKED,CONSENT REVOKED,CONSENT REVOKED,CONSENT REVOKED,CONSENT REVOKED,CONSENT REVOKED
5e16400f820526c308d432df,5bc87c77fbacd800016a43b4,AWAITING REVIEW,2020-01-08 20:48:14.980000,2020-01-08 20:56:16.010000,481.03,27,138,0,100,,693460E2,Italy,No,Full-Time,Italy,Italy,Italian,Female,"Italian, English",
5e164daf94d5eec2f48cc33a,559d96aefdf99b1e448268e5,AWAITING REVIEW,2020-01-08 21:46:23.821000,2020-01-08 21:54:36.504000,492.683,38,367,7,99,,693460E2,Turkey,No,Full-Time,United Kingdom,United Kingdom,English,Female,Turkish,Finance and Insurance
5e164e3a820526c3d637544c,5bc23c60a1241c0001d5c527,AWAITING REVIEW,2020-01-08 21:48:42.341000,2020-01-08 21:54:21.486000,339.145,42,168,6,97,,693460E2,United Kingdom,Yes,Full-Time,United Kingdom,United Kingdom,English,Male,English,Finance and Insurance
5e1656f97f08edc315923ba3,57adbbe8bcf54e000152816b,AWAITING REVIEW,2020-01-08 22:26:04.816000,2020-01-08 22:34:38.852000,514.036,25,179,1,100,,693460E2,United Kingdom,No,Part-Time,United Kingdom,United Kingdom,English,Female,English,Finance and Insurance
5e1657f10db892c447fc5699,56ccf46705d469000b109a4b,TIMED-OUT,2020-01-08 22:30:09.236000,,744781.670782,39,55,3,93,,,United Kingdom,No,Part-Time,United Kingdom,United Kingdom,English,Female,English,Finance and Insurance
5e165f986405ae000ad3b252,5b6c8a08bd7c4b00017ecebb,AWAITING REVIEW,2020-01-08 23:02:48.037000,2020-01-08 23:13:02.416000,614.379,34,111,3,98,,693460E2,Poland,No,Full-Time,Poland,Poland,Polish,Female,English,Finance and Insurance
5e1660340db892c4f16b2784,5b99b46e8207940001a0a481,AWAITING REVIEW,2020-01-08 23:05:28.478000,2020-01-08 23:10:14.860000,286.382,32,228,3,99,,693460E2,United States,No,Full-Time,United States,United States,English,Female,English,Finance and Insurance
5e1661f0a6eb60c4414cf7cf,5aa5c4a3f0536100017268c6,AWAITING REVIEW,2020-01-08 23:12:55.315000,2020-01-08 23:17:07.310000,251.995,43,134,3,99,,693460E2,United Kingdom,No,Full-Time,United Kingdom,United Kingdom,English,Male,English,Finance and Insurance
5e1666b2dd997bc37350b768,56c225fe0a25f1000ce56865,AWAITING REVIEW,2020-01-08 23:33:10.336000,2020-01-08 23:40:22.448000,432.112,45,322,12,96,,693460E2,Iraq,No,Full-Time,United Kingdom,India,English,Male,"English, Hindi",Finance and Insurance
5e1677544f849ec45f2db58d,5b70d14b60d30c000176bc1d,RETURNED,2020-01-09 00:44:04.287000,,736746.767056,36,1,0,100,,,CONSENT REVOKED,CONSENT REVOKED,CONSENT REVOKED,CONSENT REVOKED,CONSENT REVOKED,CONSENT REVOKED,CONSENT REVOKED,CONSENT REVOKED,CONSENT REVOKED
5e1682bd82a955c4fb10c7d5,55e52cb7c70c7a00052a5d1c,AWAITING REVIEW,2020-01-09 01:32:50.452000,2020-01-09 01:39:22.162000,391.71,24,46,1,100,,693460E2,United States,Yes,Part-Time,United States,United States,English,Male,English,Finance and Insurance
5e16859613ec50c30e4ad4e6,59eb4fb0d838ae0001850e4f,AWAITING REVIEW,2020-01-09 01:44:57.802000,2020-01-09 01:50:31.393000,333.591,32,208,1,100,,693460E2,United States,Yes,Full-Time,United States,United States,English,Male,English,Finance and Insurance
5e1686e2f6191fc6069b5622,54837312fdf99b2490ad57b6,AWAITING REVIEW,2020-01-09 01:50:29.771000,2020-01-09 01:56:25.869000,356.098,38,933,6,100,,693460E2,United States,No,Full-Time,United States,United States,English,Female,English,Finance and Insurance
5e1688af01423fc64118dba1,5484821efdf99b07b28f2300,AWAITING REVIEW,2020-01-09 01:58:09.473000,2020-01-09 02:01:51.108000,221.635,35,567,0,100,,693460E2,United States,No,Full-Time,United States,United States,English,Female,English,Finance and Insurance
5e16f2ed35a7a5c8f2b5cf00,5b099d19d282ff00015b4d55,AWAITING REVIEW,2020-01-09 09:31:44.078000,2020-01-09 09:43:21.715000,697.637,60,40,4,91,,693460E2,Cuba,No,Full-Time,Spain,Spain,Spanish,Male,English,Finance and Insurance
5e16f70717aea0000c4ac794,55bbcd94fdf99b3c998d5b57,AWAITING REVIEW,2020-01-09 09:48:57.232000,2020-01-09 09:53:49.015000,291.783,33,117,1,100,,693460E2,United Kingdom,No,Full-Time,United Kingdom,United Kingdom,English,Male,English,Finance and Insurance
5e173cb66b282c03f591f745,596b8666a7173b0001de7680,AWAITING REVIEW,2020-01-09 14:46:18.945000,2020-01-09 14:52:00.376000,341.431,29,335,7,98,,693460E2,Belarus,No,Full-Time,United Kingdom,United Kingdom,Russian,Male,English,Finance and Insurance
5e176c08d2db23000a3669e2,56504ecf1b3cda000f544e92,AWAITING REVIEW,2020-01-09 18:08:27.353000,2020-01-09 18:12:48.900000,261.547,29,24,0,100,,693460E2,United Kingdom,No,Full-Time,United Kingdom,United Kingdom,English,Male,German,Finance and Insurance
5e177ea27018aa087ba9ba1b,5a622a7f35f26b0001490a5f,RETURNED,2020-01-09 19:27:33.483000,,669337.826228,35,282,7,97,,,CONSENT REVOKED,CONSENT REVOKED,CONSENT REVOKED,CONSENT REVOKED,CONSENT REVOKED,CONSENT REVOKED,CONSENT REVOKED,CONSENT REVOKED,CONSENT REVOKED
5e1785c4d18d92000c0ddaee,5b4caed7995d4e000108feac,AWAITING REVIEW,2020-01-09 19:58:00.570000,2020-01-09 20:05:11.111000,430.541,25,350,1,100,,693460E2,United States,No,Full-Time,United States,United States,English,Female,English,Finance and Insurance
5e178fa3e501ca000b3c2223,5b4859eccacaf400012df606,TIMED-OUT,2020-01-09 20:40:03.382000,,664987.956444,37,26,2,97,,,United Kingdom,No,Part-Time,United Kingdom,United Kingdom,English,Female,English,Finance and Insurance
5e179229ecc8a909bc91a285,5a9c7b2c777df2000160116b,AWAITING REVIEW,2020-01-09 20:50:49.644000,2020-01-09 20:59:51.743000,542.099,46,229,0,100,,693460E2,United Kingdom,No,Full-Time,United Kingdom,United Kingdom,English,Male,English,Finance and Insurance
5e179257902dff000bdbdd4e,5bcb0ce2682ec100018b6b7f,AWAITING REVIEW,2020-01-09 20:51:35.564000,2020-01-09 20:55:32.942000,237.378,31,140,10,89,,693460E2,United Kingdom,No,Full-Time,United Kingdom,United Kingdom,English,Female,English,Finance and Insurance
5e1793a155cb8b06292d7ab3,582383e997b5100001b9bb09,AWAITING REVIEW,2020-01-09 20:57:09.078000,2020-01-09 21:02:06.812000,297.734,33,360,1,100,,693460E2,United States,No,Full-Time,United States,United States,English,Male,English,Finance and Insurance
5e1794a86b72f3000acf58ea,5975fc834ce37b0001d4a2a8,AWAITING REVIEW,2020-01-09 21:01:28.221000,2020-01-09 21:08:43.534000,435.313,31,116,5,97,,693460E2,United Kingdom,No,Part-Time,United Kingdom,United Kingdom,English,Female,English,Finance and Insurance
5e179aa02c53520a7ad7e77e,5952b968243bab0001bd2bcd,RETURNED,2020-01-09 21:27:03.245000,,662168.231159,43,248,1,100,,,CONSENT REVOKED,CONSENT REVOKED,CONSENT REVOKED,CONSENT REVOKED,CONSENT REVOKED,CONSENT REVOKED,CONSENT REVOKED,CONSENT REVOKED,CONSENT REVOKED
5e17ee433310f30eac007ad2,5a78152c8fe2dc0001057d91,AWAITING REVIEW,2020-01-10 03:23:51.845000,2020-01-10 03:27:37.735000,225.89,29,31,0,100,,693460E2,Australia,Yes,Full-Time,Australia,Australia,English,Female,English,Finance and Insurance
5e182263913e52110e72abb1,5bb561458f3bd70001e5d6f8,AWAITING REVIEW,2020-01-10 07:06:16.293000,2020-01-10 07:12:13.108000,356.815,34,28,0,100,,693460E2,Canada,No,Full-Time,Canada,Canada,English,Male,"English, French",Finance and Insurance
5e1826dbb31e2410ce0ed90b,593b12153d263700018925ad,TIMED-OUT,2020-01-10 07:25:15.047000,,626276.485766,35,14,0,100,,,Switzerland,No,Full-Time,Switzerland,Switzerland,French,Male,English,Finance and Insurance
5e1830f3cbbe4710fe42da0f,5a215498cbf02200012a20ba,AWAITING REVIEW,2020-01-10 08:08:19.661000,2020-01-10 08:15:45.937000,446.276,30,11,0,100,,693460E2,United States,No,"Not in paid work (e.g. homemaker', 'retired or disabled)",Poland,United States,English,Female,English,Finance and Insurance
5e185373b3b4bb000a45fc92,5999abb505a0e30001f1ffa9,TIMED-OUT,2020-01-10 10:35:32.482000,,614859.12093,31,19,0,100,,,United Kingdom,No,Part-Time,United Kingdom,United Kingdom,English,Female,English,Finance and Insurance
5e1856625818c1000c65e9b6,5756ad730811ad0006f38570,AWAITING REVIEW,2020-01-10 10:48:05.237000,2020-01-10 10:52:07.027000,241.79,35,378,7,99,,693460E2,United Kingdom,Yes,Full-Time,United Kingdom,United Kingdom,English,Female,English,Finance and Insurance
5e186a705941db145ba26264,59c26d905364260001dc4b9f,AWAITING REVIEW,2020-01-10 12:13:40.780000,2020-01-10 12:20:18.745000,397.965,36,76,3,98,,693460E2,United Kingdom,No,Full-Time,United Kingdom,United Kingdom,English,Female,English,Finance and Insurance
5e186fec69b74614a19994a6,5bce0e9e48473300014cafca,AWAITING REVIEW,2020-01-10 12:37:01.984000,2020-01-10 12:41:11.551000,249.567,23,186,0,100,,693460E2,United Kingdom,No,Full-Time,United Kingdom,United Kingdom,English,Male,"English, French",Finance and Insurance
5e1873b24af67a1386b874e2,57bca845e2101600015e8e88,AWAITING REVIEW,2020-01-10 12:53:09.704000,2020-01-10 12:58:01.221000,291.517,25,488,2,100,,693460E2,United States,No,Full-Time,United States,United States,English,Male,French,Finance and Insurance
5e188dedfd7db416424618ba,5b3551511d2f710001fbcb72,AWAITING REVIEW,2020-01-10 14:45:07.332000,2020-01-10 14:52:19.241000,431.909,38,247,7,95,,693460E2,Italy,No,Full-Time,Italy,Italy,Italian,Female,"French, English",Finance and Insurance
5e18b2c9b167cd17b36e0d18,5a7272d982968f0001a6ca19,AWAITING REVIEW,2020-01-10 17:22:20.257000,2020-01-10 17:32:50.270000,630.013,33,337,1,100,,693460E2,United States,Yes,Full-Time,United States,United States,English,Female,English,Finance and Insurance
5e18b71d0432d318eec0ff33,5b86a6e0d4c931000107b014,AWAITING REVIEW,2020-01-10 17:40:48.985000,2020-01-10 17:47:01.351000,372.366,34,61,0,100,,693460E2,United Kingdom,No,Part-Time,United Kingdom,United Kingdom,English,Female,English,Finance and Insurance
5e18dd11913e521ab657cf4e,598225db55a180000133825e,AWAITING REVIEW,2020-01-10 20:22:43.913000,2020-01-10 20:25:58.983000,195.07,39,268,4,99,,693460E2,United Kingdom,Yes,Full-Time,United Kingdom,United Kingdom,English,Male,English,Finance and Insurance
5e18f6c21b80141c61a87874,5ab8ec735cd105000161a902,AWAITING REVIEW,2020-01-10 22:12:18.514000,2020-01-10 22:21:11.079000,532.565,54,235,0,100,,693460E2,United Kingdom,No,Part-Time,United Kingdom,United Kingdom,English,Male,English,Finance and Insurance
5e18f9c1644d101cdf0dcb21,5b217fb47ba82c00019ed95a,AWAITING REVIEW,2020-01-10 22:25:05.896000,2020-01-10 22:33:47.780000,521.884,59,117,0,100,,693460E2,United States,No,"Not in paid work (e.g. homemaker', 'retired or disabled)",United States,United States,English,Female,English,Finance and Insurance
5e18fb39f07b721d1c555314,5aa670b41eda41000136d80a,AWAITING REVIEW,2020-01-10 22:31:23.433000,2020-01-10 22:36:29.901000,306.468,39,327,2,100,,693460E2,United Kingdom,No,Full-Time,United Kingdom,United Kingdom,English,Male,English,Finance and Insurance
5e1901abf07b721d1c555328,5b293f523096610001b108e1,AWAITING REVIEW,2020-01-10 22:58:53.852000,2020-01-10 23:06:56.357000,482.505,20,73,2,99,,693460E2,United Kingdom,No,Full-Time,United Kingdom,United Kingdom,English,Male,English,Finance and Insurance
5e1908c98253681ce02945b8,58473a1ef8cfb900012641e5,AWAITING REVIEW,2020-01-10 23:29:13.665000,2020-01-10 23:34:43.027000,329.362,28,61,1,100,,693460E2,Hong Kong,No,Full-Time,United Kingdom,United Kingdom,Chinese,Male,English,Finance and Insurance
5e190972fe04c01d2ea268e1,5b6c3f7111503f00015849d6,AWAITING REVIEW,2020-01-10 23:33:33.059000,2020-01-10 23:38:23.808000,290.749,31,59,0,100,,693460E2,United Kingdom,Yes,Full-Time,United Kingdom,United Kingdom,English,Male,English,Finance and Insurance
5e194bc6efafa520261602da,5ad389c6fb109b0001a32d7d,RETURNED,2020-01-11 04:15:05.253000,,551286.807184,26,351,8,96,,,CONSENT REVOKED,CONSENT REVOKED,CONSENT REVOKED,CONSENT REVOKED,CONSENT REVOKED,CONSENT REVOKED,CONSENT REVOKED,CONSENT REVOKED,CONSENT REVOKED
5e196327a3d56c20cdbf4120,5b2985e70ec82d0001d26205,AWAITING REVIEW,2020-01-11 05:54:46.992000,2020-01-11 06:10:45.565000,958.573,35,87,2,99,,693460E2,United Kingdom,No,Full-Time,Australia,United Kingdom,English,Female,English,Finance and Insurance
5e19be583f6e1d238f61d8df,5af32b2f3522120001e3170a,AWAITING REVIEW,2020-01-11 12:23:56.412000,2020-01-11 12:30:00.345000,363.933,37,231,2,100,,693460E2,United Kingdom,No,Full-Time,United Kingdom,United Kingdom,English,Male,English,Finance and Insurance
5e19da25b31e242547a274da,577d88e5900cc80001d2cfc8,AWAITING REVIEW,2020-01-11 14:22:32.689000,2020-01-11 14:31:10.720000,518.031,24,488,2,100,,693460E2,United Kingdom,No,Full-Time,United Kingdom,United Kingdom,English,Male,English,Finance and Insurance
5e19e64f93e9d525a1575629,5bc2ab24750e040001cd0349,AWAITING REVIEW,2020-01-11 15:14:23.883000,2020-01-11 15:35:18.597000,1254.714,29,21,0,100,,693460E2,Mexico,Yes,Part-Time,Mexico,Mexico,Spanish,Male,Spanish,Finance and Insurance
5e19fc45179e1f27474ef7d2,5736dabd67421f000e180c4a,AWAITING REVIEW,2020-01-11 16:48:10.725000,2020-01-11 16:54:22.493000,371.768,36,227,6,98,,693460E2,United Kingdom,Yes,Full-Time,United Kingdom,United Kingdom,English,Male,English,Finance and Insurance
5e1a05296b5508282f3aa7ad,58f8a76359a9d400011c263c,TIMED-OUT,2020-01-11 17:26:03.351000,,503828.852342,53,618,1,100,,,United States,No,Full-Time,United States,United States,English,Female,English,Finance and Insurance
5e1a0e089f7308288bcd9cca,5a8e095ff1408d000176d5d1,AWAITING REVIEW,2020-01-11 18:03:55.255000,2020-01-11 18:08:29.419000,274.164,28,256,1,100,,693460E2,United States,No,Full-Time,United States,United States,English,Male,English,Finance and Insurance
5e1a411fbd51072cb5bcda7f,5b04db61d7af450001ebfaf3,RETURNED,2020-01-11 21:41:52.930000,,488479.331944,30,127,0,100,,,CONSENT REVOKED,CONSENT REVOKED,CONSENT REVOKED,CONSENT REVOKED,CONSENT REVOKED,CONSENT REVOKED,CONSENT REVOKED,CONSENT REVOKED,CONSENT REVOKED
5e1a70a11859772e4ab75d3d,5862c51aa205a90001e7e42e,AWAITING REVIEW,2020-01-12 01:04:36.167000,2020-01-12 01:11:25.484000,409.317,25,75,0,100,,693460E2,United States,No,Full-Time,United States,United States,English,Female,English,Finance and Insurance
5e1a7a605cf6872e1e3b6f36,5ba8d9574584060001d67cd5,AWAITING REVIEW,2020-01-12 01:46:08.063000,2020-01-12 01:56:08.233000,600.17,31,226,0,100,,693460E2,United States,No,Full-Time,United States,United States,Spanish,Female,Spanish,Finance and Insurance
5e1af7387e182733063f0b25,5b645a782d2ad30001821363,AWAITING REVIEW,2020-01-12 10:38:48.219000,2020-01-12 10:45:13.004000,384.785,26,27,0,100,,693460E2,France,Yes,Full-Time,France,France,French,Male,English,Finance and Insurance
5e1af8d0c2642a334a9cd509,59b980f359f3df0001e08a5b,AWAITING REVIEW,2020-01-12 10:45:36.162000,2020-01-12 10:53:39.755000,483.593,28,201,4,98,,693460E2,United Kingdom,No,Full-Time,United Kingdom,United Kingdom,English,Female,English,Finance and Insurance
5e1b2addb167cd35a9ec8d35,5a6d5ae19d65ec00017e9bae,AWAITING REVIEW,2020-01-12 14:19:12.934000,2020-01-12 14:27:49.659000,516.725,31,112,0,100,,693460E2,United States,No,Full-Time,United States,United States,English,Female,English,Finance and Insurance
5e1b30e6b292253626360648,574b5c065bef98000eaf8bc3,AWAITING REVIEW,2020-01-12 14:44:59.928000,2020-01-12 14:52:32.868000,452.94,30,129,1,100,,693460E2,United Kingdom,,Full-Time,United Kingdom,United Kingdom,English,Male,English,Finance and Insurance
5e1b64c5d5f089393819aab2,5af60ca8e19f8c00019e41ad,AWAITING REVIEW,2020-01-12 18:26:27.960000,2020-01-12 18:33:09.325000,401.365,25,55,0,100,,693460E2,Canada,Yes,Full-Time,United Kingdom,Ireland,English,Male,English,Finance and Insurance
5e1b96baf27d8b3bdd2d6429,56bfcce79f7a1e0005fdca9e,AWAITING REVIEW,2020-01-12 21:59:31.811000,2020-01-12 22:08:36.622000,544.811,73,270,3,99,,693460E2,United States,No,Part-Time,United States,United States,English,Female,English,Finance and Insurance
5e1baed2fd7db43e22d68fac,5706cba83409da00081a0b5d,AWAITING REVIEW,2020-01-12 23:42:14.038000,2020-01-12 23:48:00.449000,346.411,22,302,5,99,,693460E2,United States,Yes,Full-Time,United States,United States,English,Male,English,Finance and Insurance
5e1bd3c65bcd433f96628e74,5b6abcdbc6061600010203f6,AWAITING REVIEW,2020-01-13 02:19:50.698000,2020-01-13 02:26:56.722000,426.024,29,1,0,100,,693460E2,Australia,No,Full-Time,Australia,Australia,English,Male,Chinese,Finance and Insurance
5e1c1b12cbbe4741bc831551,59e5244aac0af70001b36803,AWAITING REVIEW,2020-01-13 07:24:05.287000,2020-01-13 07:29:27.131000,321.844,41,103,0,100,,693460E2,United Kingdom,No,Full-Time,United Kingdom,United Kingdom,English,Male,English,Finance and Insurance
5e1c21b5e8a66341bb440e46,59beb0703a9ab60001119cbb,TIMED-OUT,2020-01-13 07:52:21.149000,,365451.472253,32,29,0,100,,,United Kingdom,No,Full-Time,United Kingdom,United Kingdom,English,Female,English,Finance and Insurance
5e1c21eb621c0a42022a4007,5bb8d0c7abb2d200010b896d,TIMED-OUT,2020-01-13 07:53:15.859000,,365396.791217,50,41,0,100,,,United Kingdom,No,Part-Time,United Kingdom,United Kingdom,English,Male,English,Finance and Insurance
5e1c294afb00b641b34859f8,5b3ba37dc49ecb00010a9f4c,AWAITING REVIEW,2020-01-13 08:24:44.838000,2020-01-13 08:30:06.710000,321.872,30,183,1,100,,693460E2,Germany,No,Full-Time,Germany,Germany,German,Male,"English, German",Finance and Insurance
5e1c2d015941db4289de1fe2,596dbcf1d6c8550001484401,AWAITING REVIEW,2020-01-13 08:40:35.439000,2020-01-13 08:45:27.519000,292.08,49,413,1,100,,693460E2,United Kingdom,No,Full-Time,United Kingdom,United Kingdom,English,Male,English,Finance and Insurance
5e1c635f644d104531bb3583,58bdbc99cedda800015fa671,RETURNED,2020-01-13 12:32:32.658000,,348640.07788,29,4,0,100,,,CONSENT REVOKED,CONSENT REVOKED,CONSENT REVOKED,CONSENT REVOKED,CONSENT REVOKED,CONSENT REVOKED,CONSENT REVOKED,CONSENT REVOKED,CONSENT REVOKED
5e1c703a644d10469acb7156,58c15a48a1a2470001cd1e5f,AWAITING REVIEW,2020-01-13 13:27:27.152000,2020-01-13 13:32:10.449000,283.297,26,98,1,100,,693460E2,United Kingdom,No,Full-Time,United Kingdom,United Kingdom,English,Female,English,Finance and Insurance
5e1c782c9138e0000adf849b,5a01988a49add9000140c483,AWAITING REVIEW,2020-01-13 14:01:20.737000,2020-01-13 14:08:35.546000,434.809,24,132,0,100,,693460E2,United Kingdom,No,Full-Time,United Kingdom,United Kingdom,English,Female,English,Finance and Insurance
5e1cc80d699ac4052f9539ac,56eeee9e24d8db000dbcd583,AWAITING REVIEW,2020-01-13 19:42:08.052000,2020-01-13 19:49:15.013000,426.961,29,568,14,96,,693460E2,United States,No,Full-Time,United States,United States,English,Male,English,Finance and Insurance
5e1cd62ddd05c4000dce5a5c,5803cb9a3073510001231d82,AWAITING REVIEW,2020-01-13 20:42:29.641000,2020-01-13 20:51:42.608000,552.967,58,146,0,100,,693460E2,United Kingdom,No,Full-Time,United Kingdom,United Kingdom,English,Female,English,Finance and Insurance
5e1d598425a4d00d67127047,5977ab517f87260001cd5d7a,RETURNED,2020-01-14 06:02:44.755000,,285628.11321,28,317,3,100,,,CONSENT REVOKED,CONSENT REVOKED,CONSENT REVOKED,CONSENT REVOKED,CONSENT REVOKED,CONSENT REVOKED,CONSENT REVOKED,CONSENT REVOKED,CONSENT REVOKED
5e1da74f699ac410fac9ea0a,56c89222dfea6c000bb23762,AWAITING REVIEW,2020-01-14 11:34:41.918000,2020-01-14 11:39:50.413000,308.495,29,460,7,98,,693460E2,United States,Yes,Full-Time,United States,United States,English,Male,N/A,Finance and Insurance
5e1dd7b706121f1454b2121b,57a7a0e26475d400015abe19,AWAITING REVIEW,2020-01-14 15:01:11.512000,2020-01-14 15:14:38.074000,806.562,26,216,2,100,,693460E2,Portugal,Yes,Full-Time,Portugal,Portugal,Portuguese,Female,Portuguese,Finance and Insurance
5e1dd94342998a1457fd805c,5b2450807297750001c6cc57,AWAITING REVIEW,2020-01-14 15:07:51.094000,2020-01-14 15:14:47.514000,416.42,43,336,0,100,,693460E2,United Kingdom,No,Full-Time,United Kingdom,United Kingdom,English,Male,"Urdu, English, Hindi",Finance and Insurance
5e1de886d5358515a45798d9,58ee956a575c01000180b080,AWAITING REVIEW,2020-01-14 16:12:59.440000,2020-01-14 16:19:08.742000,369.302,38,192,0,100,,693460E2,United States,No,Part-Time,United Kingdom,United States,English,Female,English,Finance and Insurance
5e1e1e3aa6a7401881179fe3,59d6a8053e5ea00001e1cf49,AWAITING REVIEW,2020-01-14 20:02:18.770000,2020-01-14 20:07:11.653000,292.883,39,130,1,100,,693460E2,United Kingdom,No,Full-Time,United Kingdom,United Kingdom,English,Female,English,Finance and Insurance
5e1e3c52346cdd1a5af75d86,5b35824a975e260001e9b7a6,AWAITING REVIEW,2020-01-14 22:10:28.212000,2020-01-14 22:16:09.988000,341.776,35,82,0,100,,693460E2,United Kingdom,No,Full-Time,United Kingdom,United Kingdom,English,Male,"English, Urdu",Finance and Insurance
5e1ed883ff2b7f20df9862b7,57e04ffb8e00270001b43800,AWAITING REVIEW,2020-01-15 09:16:55.889000,2020-01-15 09:23:32.458000,396.569,37,139,0,100,,693460E2,Poland,No,Part-Time,United Kingdom,Poland,Polish,Female,Polish,Finance and Insurance
5e1f072e3d7d13000d53ec6d,59d3f4466cc82800013e31cc,AWAITING REVIEW,2020-01-15 12:35:58.865000,2020-01-15 12:40:22.240000,263.375,27,154,1,100,,693460E2,United Kingdom,No,Full-Time,United Kingdom,United Kingdom,English,Female,English,Finance and Insurance
5e1f3d195985cb02fe6ecba1,5b4b8f5d369f840001130568,AWAITING REVIEW,2020-01-15 16:26:04.811000,2020-01-15 16:31:46.862000,342.051,27,234,0,100,,693460E2,United Kingdom,No,Full-Time,United Kingdom,United Kingdom,English,Female,English,Finance and Insurance
5e1f8b812d38752b79f8724b,592727e69ef28e00017acd30,AWAITING REVIEW,2020-01-15 22:00:37.299000,2020-01-15 22:07:32.061000,414.762,34,626,4,100,,693460E2,United Kingdom,No,Full-Time,United Kingdom,United Kingdom,English,Female,English,Finance and Insurance
5e1f8c010c0b312bf86e4663,5b21604f9900590001b1e8ae,AWAITING REVIEW,2020-01-15 22:02:48.863000,2020-01-15 22:09:01.938000,373.075,38,439,4,99,,693460E2,United States,No,Full-Time,United States,United States,English,Male,English,Finance and Insurance
5e203cd05e04db34de2a48a1,53ce8768fdf99b49589b60f0,AWAITING REVIEW,2020-01-16 10:37:10.680000,2020-01-16 10:41:57.635000,286.955,25,384,0,100,,693460E2,United Kingdom,No,Unemployed (and job seeking),United Kingdom,United Kingdom,English,Female,English,Finance and Insurance
5e204d5462672f349a9832d2,5a948408dbdb470001eea07c,AWAITING REVIEW,2020-01-16 11:47:32.658000,2020-01-16 11:54:26.945000,414.287,23,19,0,100,,693460E2,United Kingdom,No,Full-Time,United Kingdom,United Kingdom,English,Female,English,Finance and Insurance
5e2059df346cdd35c1d7b16f,5b6ad68332c2eb000126d9a8,AWAITING REVIEW,2020-01-16 12:41:11.629000,2020-01-16 12:46:31.045000,319.416,30,189,0,100,,693460E2,United States,No,Full-Time,United States,United States,English,Male,English,Finance and Insurance
5e2090ba3a1593035a50a099,5512eee1fdf99b7e1fb1be40,AWAITING REVIEW,2020-01-16 16:35:09.507000,2020-01-16 16:39:47.832000,278.325,28,244,2,100,,693460E2,United Kingdom,Yes,Full-Time,United Kingdom,United Kingdom,English,Female,English,Finance and Insurance
5e20b6e6e479743cbd87fc95,59aee2c57f6c84000151bd9b,AWAITING REVIEW,2020-01-16 19:18:04.379000,2020-01-16 19:23:06.782000,302.403,29,427,4,99,,693460E2,United States,No,Full-Time,United States,United States,English,Female,"English, Spanish",Finance and Insurance
5e2183165427914706986cf5,5a8c51c517ef35000170c459,AWAITING REVIEW,2020-01-17 09:49:15.768000,2020-01-17 09:56:15.966000,420.198,24,142,0,100,,693460E2,United Kingdom,No,Full-Time,United Kingdom,United Kingdom,English,Female,English,Finance and Insurance
5e2185a10ffbb446cf59845b,5b7fc9a7090ad10001cc1f8e,AWAITING REVIEW,2020-01-17 10:00:01.671000,2020-01-17 10:05:07.521000,305.85,31,9,0,100,,693460E2,Belgium,No,Full-Time,Belgium,Belgium,Dutch,Male,Spanish,Finance and Insurance
5e2188f37a9ded476e6d4b22,58e4eb666634f50001554b09,AWAITING REVIEW,2020-01-17 10:14:19.571000,2020-01-17 10:23:25.827000,546.256,44,208,1,100,,693460E2,Bulgaria,No,Full-Time,United Kingdom,Bulgaria,Bulgarian,Female,English,Finance and Insurance
