Trial#,Sequence#,Response Time,Trial Type(mean-std),Shade,Resp,Missed,Reply,Accumulated Amount
1,0,0.984(s),Adpative_Trial(3-1),4 & 3,1,0,1,$0.1
2,0,0.76(s),Adpative_Trial(3-1),3 & 4,1,0,1,$0.2
3,0,0.659(s),Adpative_Trial(3-1),3 & 2,1,0,1,$0.3
4,0,0.602(s),Adpative_Trial(3-1),3 & 4,1,0,1,$0.4
5,0,0.786(s),Adpative_Trial(3-1),3 & 2,1,0,1,$0.5
6,0,0.938(s),Adpative_Trial(3-1),4 & 3,1,0,1,$0.6
7,0,0.916(s),Adpative_Same_Color_Trial(3-1),2 & 2,0,0,0.5,$0.35
8,0,1.058(s),Adpative_Same_Color_Trial(3-1),4 & 4,0,0,0.5,$0.1
9,0,0.715(s),Adpative_Trial(3-1),4 & 3,1,0,1,$0.2
10,0,0.834(s),Adpative_Trial(3-1),3 & 2,1,0,1,$0.3
11,0,0.716(s),Adpative_Trial(3-1),3 & 4,1,0,1,$0.4
12,0,0.849(s),Adpative_Trial(3-1),3 & 2,1,0,1,$0.5
13,0,0.665(s),Adpative_Trial(3-1),3 & 4,1,0,1,$0.6
14,0,0.722(s),Adpative_Trial(3-1),3 & 4,1,0,1,$0.7
15,0,0.995(s),Adpative_Same_Color_Trial(3-1),4 & 4,0,0,0.5,$0.45
16,0,0.875(s),Adpative_Trial(3-1),3 & 2,1,0,1,$0.55
17,0,1.204(s),Adpative_Same_Color_Trial(3-1),4 & 4,0,0,0.5,$0.3
18,0,0.771(s),Adpative_Trial(3-1),3 & 2,1,0,1,$0.4
19,0,0.843(s),Adpative_Trial(3-1),3 & 2,1,0,1,$0.5
20,0,0.859(s),Adpative_Trial(3-1),3 & 2,1,0,1,$0.6
21,0,0.802(s),Adpative_Trial(3-1),2 & 3,1,0,1,$0.7
22,0,0.723(s),Adpative_Trial(3-1),3 & 4,1,0,1,$0.8
23,0,0.816(s),Adpative_Trial(3-1),3 & 2,1,0,1,$0.9
24,0,0.707(s),Adpative_Trial(3-1),3 & 4,1,0,1,$1
25,0,0.715(s),Adpative_Trial(3-1),3 & 4,1,0,1,$1.1
26,0,0.739(s),Adpative_Trial(3-1),3 & 2,1,0,1,$1.2
27,0,0.787(s),Adpative_Same_Color_Trial(3-1),4 & 4,0,0,0.5,$0.95
28,0,0.73(s),Adpative_Trial(3-1),3 & 2,1,0,1,$1.05
29,0,1.051(s),Adpative_Same_Color_Trial(3-1),4 & 4,0,0,0.5,$0.8
30,0,0.786(s),Adpative_Same_Color_Trial(3-1),2 & 2,0,0,0.5,$0.55
31,0,0.931(s),Adpative_Trial(3-1),4 & 3,1,0,1,$0.65
32,0,0.731(s),Adpative_Trial(3-1),3 & 4,1,0,1,$0.75
33,0,0.706(s),Adpative_Trial(3-1),4 & 3,1,0,1,$0.85
34,0,0.634(s),Adpative_Trial(3-1),3 & 4,1,0,1,$0.95
35,0,0.715(s),Adpative_Trial(3-1),3 & 2,1,0,1,$1.05
36,0,0.816(s),Adpative_Same_Color_Trial(3-1),3 & 3,0,0,0.5,$0.8
37,0,0.683(s),Adpative_Trial(3-1),2 & 3,1,0,1,$0.9
38,0,0.715(s),Adpative_Trial(3-1),3 & 2,1,0,1,$1
39,0,0.601(s),Adpative_Trial(3-1),3 & 2,1,0,1,$1.1
40,0,0.636(s),Adpative_Same_Color_Trial(3-1),4 & 4,0,0,0.5,$0.85
41,0,0.707(s),Adpative_Trial(3-1),2 & 3,1,0,1,$0.95
42,0,0.683(s),Adpative_Trial(3-1),3 & 4,1,0,1,$1.05
43,0,0.65(s),Adpative_Trial(3-1),3 & 4,1,0,1,$1.15
44,0,0.882(s),Adpative_Trial(3-1),3 & 4,1,0,1,$1.25
45,0,0.843(s),Adpative_Same_Color_Trial(3-1),3 & 3,0,0,0.5,$1
46,0,0.729(s),Adpative_Trial(3-1),3 & 2,1,0,1,$1.1
47,0,0.692(s),Adpative_Trial(3-1),3 & 4,1,0,1,$1.2
48,0,0.704(s),Adpative_Trial(3-1),4 & 3,1,0,1,$1.3
49,0,0.682(s),Adpative_Trial(3-1),3 & 2,1,0,1,$1.4
50,0,0.77(s),Adpative_Trial(3-1),2 & 3,1,0,1,$1.5
51,0,0.58(s),Control_Test_Trial(3-1),2 & 3,1,0,1,$1.6
52,0,0.86(s),Adpative_Test_Trial(10-2),11 & 11,0,0,0.5,$1.35
53,6,0.889(s),Control_Trial(3-2),4 & 5,1,0,1,$1.45
54,6,0.843(s),Control_Trial(3-2),4 & 3,1,0,1,$1.55
55,6,0.787(s),Control_Trial(3-2),5 & 4,1,0,1,$1.65
56,6,0.739(s),Control_Trial(3-2),4 & 5,1,0,1,$1.75
57,6,0.978(s),Control_Same_Color_Trial(3-2),2 & 2,0,0,0.5,$1.5
58,6,0.851(s),Control_Trial(3-2),2 & 1,1,0,1,$1.6
59,6,0.699(s),Control_Trial(3-2),1 & 2,1,0,1,$1.7
60,6,0.747(s),Control_Same_Color_Trial(3-2),2 & 2,0,0,0.5,$1.45
61,6,0.707(s),Control_Trial(3-2),2 & 3,1,0,1,$1.55
62,6,0.747(s),Control_Trial(3-2),3 & 2,1,0,1,$1.65
63,6,1.147(s),Control_Same_Color_Trial(3-2),1 & 1,0,0,0.5,$1.4
64,6,1.004(s),Control_Same_Color_Trial(3-2),2 & 2,0,0,0.5,$1.15
65,6,0.634(s),Control_Trial(3-2),4 & 5,1,0,1,$1.25
66,6,0.666(s),Control_Trial(3-2),3 & 4,1,0,1,$1.35
67,6,0.777(s),Control_Trial(3-2),4 & 5,1,0,1,$1.45
68,6,0.834(s),Control_Trial(3-2),2 & 1,1,0,1,$1.55
69,6,0.819(s),Control_Trial(3-2),4 & 5,1,0,1,$1.65
70,6,1.02(s),Control_Trial(3-2),2 & 1,1,0,1,$1.75
71,6,0.739(s),Control_Trial(3-2),1 & 2,1,0,1,$1.85
72,6,0.763(s),Control_Trial(3-2),2 & 1,1,0,1,$1.95
73,6,0.994(s),Control_Trial(3-2),5 & 4,1,0,1,$2.05
74,6,0.812(s),Control_Trial(3-2),3 & 4,1,0,1,$2.15
75,6,0.89(s),Control_Same_Color_Trial(3-2),1 & 1,0,0,0.5,$1.9
76,6,0.676(s),Control_Trial(3-2),4 & 5,1,0,1,$2
77,6,1.355(s),Control_Same_Color_Trial(3-2),2 & 2,1,0,1,$2.1
78,6,0.907(s),Control_Trial(3-2),3 & 2,1,0,1,$2.2
79,6,0.746(s),Control_Same_Color_Trial(3-2),2 & 2,0,0,0.5,$1.95
80,6,0.627(s),Control_Trial(3-2),3 & 4,1,0,1,$2.05
81,6,0.61(s),Control_Trial(3-2),2 & 3,1,0,1,$2.15
82,6,0.763(s),Control_Trial(3-2),3 & 2,1,0,1,$2.25
83,6,0.954(s),Control_Same_Color_Trial(3-2),2 & 2,0,0,0.5,$2
84,6,0.714(s),Control_Trial(3-2),1 & 2,1,0,1,$2.1
85,6,0.971(s),Control_Trial(3-2),5 & 4,1,0,1,$2.2
86,6,0.54(s),Control_Trial(3-2),3 & 4,0,0,0,$1.95
87,6,0.837(s),Control_Trial(3-2),2 & 1,1,0,1,$2.05
88,6,0.916(s),Control_Same_Color_Trial(3-2),3 & 3,0,0,0.5,$1.8
89,6,0.652(s),Control_Trial(3-2),3 & 4,1,0,1,$1.9
90,6,0.722(s),Control_Trial(3-2),5 & 4,1,0,1,$2
91,6,0.675(s),Control_Trial(3-2),2 & 1,1,0,1,$2.1
92,6,0.658(s),Control_Trial(3-2),4 & 5,1,0,1,$2.2
93,6,0.715(s),Control_Trial(3-2),3 & 4,1,0,1,$2.3
94,6,0.746(s),Control_Trial(3-2),2 & 1,1,0,1,$2.4
95,6,0.891(s),Control_Trial(3-2),5 & 4,1,0,1,$2.5
96,6,0.651(s),Control_Trial(3-2),4 & 3,1,0,1,$2.6
97,6,0.76(s),Control_Trial(3-2),2 & 3,1,0,1,$2.7
98,6,0.668(s),Control_Trial(3-2),4 & 5,1,0,1,$2.8
99,6,0.666(s),Control_Trial(3-2),3 & 4,1,0,1,$2.9
100,6,0.761(s),Control_Same_Color_Trial(3-2),2 & 2,0,0,0.5,$2.65
101,6,0.875(s),Control_Trial(3-2),5 & 4,1,0,1,$2.75
102,6,0.698(s),Control_Trial(3-2),4 & 5,1,0,1,$2.85
103,6,0.61(s),Control_Test_Trial(3-2),2 & 3,1,0,1,$2.95
104,6,0.82(s),Adpative_Test_Trial(9-1),10 & 9,1,0,1,$3.05
105,8,0.882(s),Adpative_Trial(3-1),3 & 4,1,0,1,$3.15
106,8,0.77(s),Adpative_Trial(3-1),3 & 2,1,0,1,$3.25
107,8,0.873(s),Adpative_Trial(3-1),4 & 3,1,0,1,$3.35
108,8,0.779(s),Adpative_Same_Color_Trial(3-1),3 & 3,0,0,0.5,$3.1
109,8,0.779(s),Adpative_Trial(3-1),3 & 2,1,0,1,$3.2
110,8,0.579(s),Adpative_Trial(3-1),3 & 2,1,0,1,$3.3
111,8,0.676(s),Adpative_Trial(3-1),3 & 4,1,0,1,$3.4
112,8,0.707(s),Adpative_Trial(3-1),3 & 2,1,0,1,$3.5
113,8,0.698(s),Adpative_Trial(3-1),3 & 4,1,0,1,$3.6
114,8,0.947(s),Adpative_Same_Color_Trial(3-1),2 & 2,0,0,0.5,$3.35
115,8,0.675(s),Adpative_Trial(3-1),3 & 2,1,0,1,$3.45
116,8,0.635(s),Adpative_Trial(3-1),4 & 3,1,0,1,$3.55
117,8,0.643(s),Adpative_Trial(3-1),4 & 3,1,0,1,$3.65
118,8,0.73(s),Adpative_Trial(3-1),3 & 2,1,0,1,$3.75
119,8,0.78(s),Adpative_Trial(3-1),3 & 4,1,0,1,$3.85
120,8,0.667(s),Adpative_Trial(3-1),2 & 3,1,0,1,$3.95
121,8,0.546(s),Adpative_Trial(3-1),2 & 3,1,0,1,$4.05
122,8,0.956(s),Adpative_Same_Color_Trial(3-1),2 & 2,0,0,0.5,$3.8
123,8,0.683(s),Adpative_Trial(3-1),2 & 3,1,0,1,$3.9
124,8,0.771(s),Adpative_Trial(3-1),3 & 2,1,0,1,$4
125,8,0.667(s),Adpative_Trial(3-1),3 & 2,1,0,1,$4.1
126,8,0.755(s),Adpative_Trial(3-1),2 & 3,1,0,1,$4.2
127,8,0.683(s),Adpative_Trial(3-1),2 & 3,1,0,1,$4.3
128,8,0.716(s),Adpative_Same_Color_Trial(3-1),2 & 2,0,0,0.5,$4.05
129,8,0.835(s),Adpative_Trial(3-1),3 & 2,1,0,1,$4.15
130,8,0.723(s),Adpative_Trial(3-1),3 & 4,1,0,1,$4.25
131,8,0.865(s),Adpative_Same_Color_Trial(3-1),4 & 4,0,0,0.5,$4
132,8,0.731(s),Adpative_Trial(3-1),3 & 2,1,0,1,$4.1
133,8,0.64(s),Adpative_Trial(3-1),3 & 2,1,0,1,$4.2
134,8,0.676(s),Adpative_Trial(3-1),3 & 4,1,0,1,$4.3
135,8,0.683(s),Adpative_Trial(3-1),2 & 3,1,0,1,$4.4
136,8,0.739(s),Adpative_Trial(3-1),3 & 2,1,0,1,$4.5
137,8,0.961(s),Adpative_Trial(3-1),3 & 4,1,0,1,$4.6
138,8,0.787(s),Adpative_Trial(3-1),3 & 2,1,0,1,$4.7
139,8,0.86(s),Adpative_Same_Color_Trial(3-1),3 & 3,0,0,0.5,$4.45
140,8,0.779(s),Adpative_Trial(3-1),3 & 2,1,0,1,$4.55
141,8,0.851(s),Adpative_Same_Color_Trial(3-1),2 & 2,0,0,0.5,$4.3
142,8,0.723(s),Adpative_Trial(3-1),3 & 4,1,0,1,$4.4
143,8,0.57(s),Adpative_Trial(3-1),3 & 4,1,0,1,$4.5
144,8,1.012(s),Adpative_Same_Color_Trial(3-1),4 & 4,0,0,0.5,$4.25
145,8,0.939(s),Adpative_Same_Color_Trial(3-1),4 & 4,0,0,0.5,$4
146,8,0.77(s),Adpative_Trial(3-1),3 & 4,1,0,1,$4.1
147,8,0.732(s),Adpative_Trial(3-1),3 & 4,1,0,1,$4.2
148,8,0.602(s),Adpative_Trial(3-1),3 & 4,1,0,1,$4.3
149,8,0.763(s),Adpative_Trial(3-1),3 & 2,1,0,1,$4.4
150,8,0.684(s),Adpative_Trial(3-1),3 & 2,1,0,1,$4.5
151,8,0.725(s),Adpative_Trial(3-1),3 & 4,1,0,1,$4.6
152,8,0.955(s),Adpative_Same_Color_Trial(3-1),2 & 2,0,0,0.5,$4.35
153,8,0.611(s),Adpative_Trial(3-1),3 & 4,1,0,1,$4.45
154,8,0.707(s),Adpative_Trial(3-1),2 & 3,1,0,1,$4.55
155,8,0.779(s),Control_Test_Trial(3-1),3 & 2,1,0,1,$4.65
156,8,0.754(s),Adpative_Test_Trial(10-2),11 & 10,1,0,1,$4.75
157,11,0.955(s),Control_Trial(3-2),1 & 2,1,0,1,$4.85
158,11,0.729(s),Control_Trial(3-2),1 & 2,1,0,1,$4.95
159,11,0.659(s),Control_Trial(3-2),2 & 3,1,0,1,$5.05
160,11,0.755(s),Control_Trial(3-2),3 & 2,1,0,1,$5.15
161,11,0.819(s),Control_Trial(3-2),2 & 1,1,0,1,$5.25
162,11,0.779(s),Control_Trial(3-2),5 & 4,1,0,1,$5.35
163,11,0.963(s),Control_Same_Color_Trial(3-2),1 & 1,0,0,0.5,$5.1
164,11,0.803(s),Control_Trial(3-2),3 & 2,1,0,1,$5.2
165,11,0.763(s),Control_Same_Color_Trial(3-2),2 & 2,0,0,0.5,$4.95
166,11,0.724(s),Control_Trial(3-2),2 & 1,1,0,1,$5.05
167,11,0.675(s),Control_Trial(3-2),2 & 3,1,0,1,$5.15
168,11,0.787(s),Control_Trial(3-2),4 & 5,1,0,1,$5.25
169,11,1.027(s),Control_Same_Color_Trial(3-2),5 & 5,0,0,0.5,$5
170,11,0.892(s),Control_Trial(3-2),3 & 2,1,0,1,$5.1
171,11,1.027(s),Control_Trial(3-2),1 & 2,1,0,1,$5.2
172,11,1.442(s),Control_Same_Color_Trial(3-2),1 & 1,1,0,1,$5.3
173,11,0.707(s),Control_Trial(3-2),4 & 5,1,0,1,$5.4
174,11,0.748(s),Control_Trial(3-2),4 & 5,1,0,1,$5.5
175,11,0.931(s),Control_Trial(3-2),4 & 3,1,0,1,$5.6
176,11,0.787(s),Control_Trial(3-2),4 & 5,1,0,1,$5.7
177,11,0.858(s),Control_Trial(3-2),3 & 2,1,0,1,$5.8
178,11,0.795(s),Control_Trial(3-2),3 & 4,1,0,1,$5.9
179,11,0.756(s),Control_Trial(3-2),5 & 4,1,0,1,$6
180,11,0.722(s),Control_Trial(3-2),1 & 2,1,0,1,$6.1
181,11,0.818(s),Control_Trial(3-2),3 & 2,1,0,1,$6.2
182,11,0.828(s),Control_Same_Color_Trial(3-2),4 & 4,0,0,0.5,$5.95
183,11,0.955(s),Control_Trial(3-2),2 & 3,1,0,1,$6.05
184,11,0.747(s),Control_Trial(3-2),1 & 2,1,0,1,$6.15
185,11,0.756(s),Control_Trial(3-2),2 & 1,1,0,1,$6.25
186,11,0.728(s),Control_Trial(3-2),1 & 2,1,0,1,$6.35
187,11,0.779(s),Control_Trial(3-2),3 & 4,1,0,1,$6.45
188,11,0.819(s),Control_Same_Color_Trial(3-2),2 & 2,0,0,0.5,$6.2
189,11,0.851(s),Control_Trial(3-2),1 & 2,1,0,1,$6.3
190,11,0.717(s),Control_Trial(3-2),2 & 1,1,0,1,$6.4
191,11,0.668(s),Control_Trial(3-2),2 & 1,1,0,1,$6.5
192,11,0.676(s),Control_Trial(3-2),4 & 5,1,0,1,$6.6
193,11,0.763(s),Control_Trial(3-2),5 & 4,1,0,1,$6.7
194,11,0.628(s),Control_Trial(3-2),4 & 5,1,0,1,$6.8
195,11,0.781(s),Control_Same_Color_Trial(3-2),5 & 5,0,0,0.5,$6.55
196,11,0.868(s),Control_Same_Color_Trial(3-2),1 & 1,0,0,0.5,$6.3
197,11,0.877(s),Control_Same_Color_Trial(3-2),2 & 2,0,0,0.5,$6.05
198,11,0.7(s),Control_Trial(3-2),2 & 1,1,0,1,$6.15
199,11,0.749(s),Control_Trial(3-2),2 & 1,1,0,1,$6.25
200,11,0.658(s),Control_Trial(3-2),2 & 1,1,0,1,$6.35
201,11,0.772(s),Control_Trial(3-2),2 & 1,1,0,1,$6.45
202,11,0.724(s),Control_Trial(3-2),3 & 4,1,0,1,$6.55
203,11,0.851(s),Control_Trial(3-2),5 & 4,1,0,1,$6.65
204,11,0.747(s),Control_Same_Color_Trial(3-2),4 & 4,0,0,0.5,$6.4
205,11,0.724(s),Control_Trial(3-2),4 & 3,1,0,1,$6.5
206,11,0.732(s),Control_Trial(3-2),3 & 4,1,0,1,$6.6
207,11,0.779(s),Control_Test_Trial(3-2),2 & 3,1,0,1,$6.7
208,11,0.755(s),Adpative_Test_Trial(8-1),8 & 7,1,0,1,$6.8
209,4,0.764(s),Control_Trial(3-2),2 & 1,1,0,1,$6.9
210,4,0.804(s),Control_Trial(3-2),2 & 1,1,0,1,$7
211,4,0.9(s),Control_Same_Color_Trial(3-2),2 & 2,0,0,0.5,$6.75
212,4,0.644(s),Control_Same_Color_Trial(3-2),2 & 2,0,0,0.5,$6.5
213,4,0.795(s),Control_Trial(3-2),3 & 2,1,0,1,$6.6
214,4,0.941(s),Control_Same_Color_Trial(3-2),1 & 1,0,0,0.5,$6.35
215,4,0.628(s),Control_Trial(3-2),1 & 2,1,0,1,$6.45
216,4,0.7(s),Control_Trial(3-2),2 & 1,1,0,1,$6.55
217,4,0.643(s),Control_Trial(3-2),2 & 3,1,0,1,$6.65
218,4,0.803(s),Control_Same_Color_Trial(3-2),5 & 5,0,0,0.5,$6.4
219,4,0.7(s),Control_Trial(3-2),2 & 1,1,0,1,$6.5
220,4,0.956(s),Control_Trial(3-2),5 & 4,1,0,1,$6.6
221,4,0.844(s),Control_Trial(3-2),1 & 2,1,0,1,$6.7
222,4,0.802(s),Control_Trial(3-2),5 & 4,1,0,1,$6.8
223,4,0.86(s),Control_Same_Color_Trial(3-2),2 & 2,0,0,0.5,$6.55
224,4,0.837(s),Control_Same_Color_Trial(3-2),2 & 2,0,0,0.5,$6.3
225,4,0.852(s),Control_Trial(3-2),5 & 4,1,0,1,$6.4
226,4,1.012(s),Control_Same_Color_Trial(3-2),3 & 3,0,0,0.5,$6.15
227,4,0.756(s),Control_Trial(3-2),4 & 5,1,0,1,$6.25
228,4,0.667(s),Control_Trial(3-2),4 & 5,1,0,1,$6.35
229,4,0.772(s),Control_Trial(3-2),5 & 4,1,0,1,$6.45
230,4,0.86(s),Control_Same_Color_Trial(3-2),4 & 4,0,0,0.5,$6.2
231,4,0.715(s),Control_Trial(3-2),4 & 5,1,0,1,$6.3
232,4,0.884(s),Control_Trial(3-2),3 & 2,1,0,1,$6.4
233,4,0.715(s),Control_Trial(3-2),3 & 2,1,0,1,$6.5
234,4,0.701(s),Control_Same_Color_Trial(3-2),5 & 5,0,0,0.5,$6.25
235,4,0.795(s),Control_Trial(3-2),2 & 1,1,0,1,$6.35
236,4,0.676(s),Control_Trial(3-2),3 & 2,1,0,1,$6.45
237,4,0.789(s),Control_Trial(3-2),2 & 3,1,0,1,$6.55
238,4,0.676(s),Control_Trial(3-2),4 & 3,1,0,1,$6.65
239,4,0.685(s),Control_Trial(3-2),4 & 3,1,0,1,$6.75
240,4,0.732(s),Control_Trial(3-2),3 & 4,1,0,1,$6.85
241,4,0.74(s),Control_Trial(3-2),3 & 2,1,0,1,$6.95
242,4,0.684(s),Control_Trial(3-2),4 & 5,1,0,1,$7.05
243,4,0.7(s),Control_Trial(3-2),4 & 5,1,0,1,$7.15
244,4,0.652(s),Control_Trial(3-2),4 & 5,1,0,1,$7.25
245,4,0.78(s),Control_Trial(3-2),2 & 1,1,0,1,$7.35
246,4,0.749(s),Control_Same_Color_Trial(3-2),3 & 3,0,0,0.5,$7.1
247,4,0.699(s),Control_Trial(3-2),1 & 2,1,0,1,$7.2
248,4,0.733(s),Control_Trial(3-2),3 & 2,1,0,1,$7.3
249,4,0.628(s),Control_Trial(3-2),2 & 1,1,0,1,$7.4
250,4,0.676(s),Control_Trial(3-2),2 & 1,1,0,1,$7.5
251,4,0.836(s),Control_Trial(3-2),3 & 2,1,0,1,$7.6
252,4,0.797(s),Control_Trial(3-2),5 & 4,1,0,1,$7.7
253,4,0.779(s),Control_Trial(3-2),4 & 5,1,0,1,$7.8
254,4,0.668(s),Control_Trial(3-2),2 & 3,1,0,1,$7.9
255,4,0.676(s),Control_Trial(3-2),2 & 3,1,0,1,$8
256,4,0.82(s),Control_Trial(3-2),2 & 1,1,0,1,$8.1
257,4,0.763(s),Control_Trial(3-2),5 & 4,1,0,1,$8.2
258,4,0.844(s),Control_Trial(3-2),1 & 2,1,0,1,$8.3
259,4,0.996(s),Control_Test_Trial(3-2),1 & 1,0,0,0.5,$8.05
260,4,0.962(s),Adpative_Test_Trial(7-1),7 & 6,1,0,1,$8.15
261,5,0.983(s),Control_Trial(3-2),1 & 2,1,0,1,$8.25
262,5,0.707(s),Control_Trial(3-2),3 & 2,1,0,1,$8.35
263,5,0.659(s),Control_Trial(3-2),2 & 3,1,0,1,$8.45
264,5,0.708(s),Control_Trial(3-2),4 & 5,1,0,1,$8.55
265,5,0.772(s),Control_Trial(3-2),5 & 4,1,0,1,$8.65
266,5,0.788(s),Control_Same_Color_Trial(3-2),4 & 4,0,0,0.5,$8.4
267,5,0.723(s),Control_Trial(3-2),4 & 3,1,0,1,$8.5
268,5,1.075(s),Control_Trial(3-2),5 & 4,1,0,1,$8.6
269,5,1.164(s),Control_Same_Color_Trial(3-2),1 & 1,0,0,0.5,$8.35
270,5,1.211(s),Control_Same_Color_Trial(3-2),1 & 1,1,0,1,$8.45
271,5,0.587(s),Control_Trial(3-2),1 & 2,1,0,1,$8.55
272,5,0.948(s),Control_Trial(3-2),2 & 1,1,0,1,$8.65
273,5,0.772(s),Control_Same_Color_Trial(3-2),3 & 3,0,0,0.5,$8.4
274,5,0.699(s),Control_Trial(3-2),3 & 4,1,0,1,$8.5
275,5,0.723(s),Control_Trial(3-2),5 & 4,1,0,1,$8.6
276,5,0.651(s),Control_Trial(3-2),2 & 3,1,0,1,$8.7
277,5,0.675(s),Control_Trial(3-2),4 & 5,1,0,1,$8.8
278,5,0.764(s),Control_Trial(3-2),4 & 5,1,0,1,$8.9
279,5,0.835(s),Control_Trial(3-2),2 & 1,1,0,1,$9
280,5,0.757(s),Control_Same_Color_Trial(3-2),3 & 3,0,0,0.5,$8.75
281,5,0.718(s),Control_Trial(3-2),2 & 1,1,0,1,$8.85
282,5,0.715(s),Control_Trial(3-2),1 & 2,1,0,1,$8.95
283,5,0.813(s),Control_Trial(3-2),2 & 1,1,0,1,$9.05
284,5,0.652(s),Control_Trial(3-2),4 & 5,1,0,1,$9.15
285,5,0.844(s),Control_Trial(3-2),2 & 1,1,0,1,$9.25
286,5,1.154(s),Control_Trial(3-2),5 & 4,0,0,0,$9
287,5,0.842(s),Control_Trial(3-2),3 & 2,1,0,1,$9.1
288,5,0.691(s),Control_Trial(3-2),2 & 1,1,0,1,$9.2
289,5,0.682(s),Control_Trial(3-2),4 & 5,1,0,1,$9.3
290,5,0.825(s),Control_Trial(3-2),2 & 1,1,0,1,$9.4
291,5,0.77(s),Control_Trial(3-2),3 & 2,1,0,1,$9.5
292,5,0.946(s),Control_Same_Color_Trial(3-2),4 & 4,0,0,0.5,$9.25
293,5,0.691(s),Control_Trial(3-2),2 & 1,1,0,1,$9.35
294,5,1.081(s),Control_Trial(3-2),5 & 4,1,0,1,$9.45
295,5,0.778(s),Control_Trial(3-2),1 & 2,1,0,1,$9.55
296,5,0.722(s),Control_Same_Color_Trial(3-2),2 & 2,0,0,0.5,$9.3
297,5,0.842(s),Control_Same_Color_Trial(3-2),3 & 3,0,0,0.5,$9.05
298,5,0.906(s),Control_Trial(3-2),3 & 2,1,0,1,$9.15
299,5,0.786(s),Control_Trial(3-2),3 & 2,1,0,1,$9.25
300,5,0.946(s),Control_Same_Color_Trial(3-2),4 & 4,0,0,0.5,$9
301,5,0.737(s),Control_Trial(3-2),4 & 5,1,0,1,$9.1
302,5,0.672(s),Control_Trial(3-2),1 & 2,1,0,1,$9.2
303,5,1.251(s),Control_Trial(3-2),4 & 5,1,0,1,$9.3
304,5,1.021(s),Control_Trial(3-2),3 & 4,1,0,1,$9.4
305,5,0.792(s),Control_Trial(3-2),2 & 3,1,0,1,$9.5
306,5,0.634(s),Control_Trial(3-2),3 & 4,1,0,1,$9.6
307,5,0.866(s),Control_Trial(3-2),5 & 4,1,0,1,$9.7
308,5,0.723(s),Control_Trial(3-2),2 & 1,1,0,1,$9.8
309,5,0.865(s),Control_Trial(3-2),4 & 5,1,0,1,$9.9
310,5,0.908(s),Control_Same_Color_Trial(3-2),5 & 5,0,0,0.5,$9.65
311,5,0.858(s),Control_Test_Trial(3-2),1 & 2,1,0,1,$9.75
312,5,1.041(s),Adpative_Test_Trial(8-1),8 & 7,1,0,1,$9.85
313,7,1.01(s),Control_Trial(4-2),4 & 5,1,0,1,$9.95
314,7,0.85(s),Control_Trial(4-2),4 & 5,1,0,1,$10.05
315,7,0.857(s),Control_Trial(4-2),3 & 2,1,0,1,$10.15
316,7,0.81(s),Control_Same_Color_Trial(4-2),4 & 4,0,0,0.5,$9.9
317,7,0.721(s),Control_Trial(4-2),5 & 6,1,0,1,$10
318,7,0.834(s),Control_Trial(4-2),3 & 2,1,0,1,$10.1
319,7,0.929(s),Control_Same_Color_Trial(4-2),2 & 2,0,0,0.5,$9.8499999999999
320,7,0.642(s),Control_Trial(4-2),2 & 3,1,0,1,$9.9499999999999
321,7,0.989(s),Control_Trial(4-2),3 & 2,1,0,1,$10.05
322,7,0.729(s),Control_Trial(4-2),2 & 3,1,0,1,$10.15
323,7,0.819(s),Control_Trial(4-2),4 & 3,1,0,1,$10.25
324,7,0.722(s),Control_Trial(4-2),5 & 4,1,0,1,$10.35
325,7,0.865(s),Control_Trial(4-2),6 & 5,1,0,1,$10.45
326,7,0.803(s),Control_Trial(4-2),3 & 4,1,0,1,$10.55
327,7,0.706(s),Control_Trial(4-2),4 & 5,1,0,1,$10.65
328,7,0.618(s),Control_Trial(4-2),4 & 5,1,0,1,$10.75
329,7,0.971(s),Control_Trial(4-2),3 & 2,1,0,1,$10.85
330,7,0.706(s),Control_Trial(4-2),3 & 2,1,0,1,$10.95
331,7,0.714(s),Control_Same_Color_Trial(4-2),4 & 4,0,0,0.5,$10.7
332,7,0.841(s),Control_Same_Color_Trial(4-2),3 & 3,0,0,0.5,$10.45
333,7,0.683(s),Control_Trial(4-2),4 & 5,1,0,1,$10.55
334,7,0.698(s),Control_Trial(4-2),5 & 6,1,0,1,$10.65
335,7,1.034(s),Control_Same_Color_Trial(4-2),4 & 4,0,0,0.5,$10.4
336,7,1.137(s),Control_Same_Color_Trial(4-2),3 & 3,0,0,0.5,$10.15
337,7,0.674(s),Control_Trial(4-2),4 & 5,1,0,1,$10.25
338,7,0.985(s),Control_Trial(4-2),6 & 5,1,0,1,$10.35
339,7,0.794(s),Control_Trial(4-2),6 & 5,1,0,1,$10.45
340,7,0.826(s),Control_Trial(4-2),4 & 5,1,0,1,$10.55
341,7,0.955(s),Control_Same_Color_Trial(4-2),2 & 2,0,0,0.5,$10.3
342,7,0.777(s),Control_Trial(4-2),4 & 5,1,0,1,$10.4
343,7,0.898(s),Control_Trial(4-2),6 & 5,1,0,1,$10.5
344,7,0.842(s),Control_Trial(4-2),5 & 6,1,0,1,$10.6
345,7,1.025(s),Control_Same_Color_Trial(4-2),5 & 5,1,0,1,$10.7
346,7,0.745(s),Control_Trial(4-2),2 & 3,1,0,1,$10.8
347,7,0.696(s),Control_Trial(4-2),2 & 3,1,0,1,$10.9
348,7,0.786(s),Control_Trial(4-2),2 & 3,1,0,1,$11
349,7,0.723(s),Control_Trial(4-2),3 & 2,1,0,1,$11.1
350,7,0.715(s),Control_Trial(4-2),3 & 4,1,0,1,$11.2
351,7,0.633(s),Control_Trial(4-2),4 & 5,1,0,1,$11.3
352,7,0.786(s),Control_Trial(4-2),4 & 3,1,0,1,$11.4
353,7,0.681(s),Control_Trial(4-2),5 & 6,1,0,1,$11.5
354,7,0.834(s),Control_Same_Color_Trial(4-2),4 & 4,0,0,0.5,$11.25
355,7,0.69(s),Control_Trial(4-2),5 & 6,1,0,1,$11.35
356,7,0.842(s),Control_Trial(4-2),4 & 3,1,0,1,$11.45
357,7,0.714(s),Control_Trial(4-2),5 & 6,1,0,1,$11.55
358,7,0.617(s),Control_Trial(4-2),6 & 5,1,0,1,$11.65
359,7,0.778(s),Control_Trial(4-2),3 & 4,1,0,1,$11.75
360,7,0.61(s),Control_Trial(4-2),4 & 5,1,0,1,$11.85
361,7,0.778(s),Control_Same_Color_Trial(4-2),2 & 2,0,0,0.5,$11.6
362,7,0.898(s),Control_Trial(4-2),3 & 2,1,0,1,$11.7
363,7,0.786(s),Control_Test_Trial(4-2),3 & 2,1,0,1,$11.8
364,7,1.282(s),Adpative_Test_Trial(10-2),11 & 10,1,0,1,$11.9
365,9,1.025(s),Adpative_Trial(4-1),4 & 3,1,0,1,$12
366,9,0.69(s),Adpative_Trial(4-1),3 & 4,1,0,1,$12.1
367,9,0.658(s),Adpative_Trial(4-1),3 & 4,1,0,1,$12.2
368,9,0.586(s),Adpative_Trial(4-1),4 & 5,1,0,1,$12.3
369,9,0.587(s),Adpative_Trial(4-1),4 & 5,1,0,1,$12.4
370,9,0.594(s),Adpative_Trial(4-1),4 & 5,1,0,1,$12.5
371,9,0.634(s),Adpative_Trial(4-1),3 & 4,1,0,1,$12.6
372,9,0.907(s),Adpative_Trial(4-1),4 & 5,1,0,1,$12.7
373,9,0.753(s),Adpative_Trial(4-1),5 & 4,1,0,1,$12.8
374,9,1.226(s),Adpative_Same_Color_Trial(4-1),4 & 4,0,0,0.5,$12.55
375,9,0.658(s),Adpative_Trial(4-1),5 & 4,1,0,1,$12.65
376,9,0.706(s),Adpative_Trial(4-1),4 & 5,1,0,1,$12.75
377,9,1.067(s),Adpative_Same_Color_Trial(4-1),5 & 5,0,0,0.5,$12.5
378,9,0.817(s),Adpative_Trial(4-1),4 & 3,1,0,1,$12.6
379,9,0.714(s),Adpative_Trial(4-1),4 & 5,1,0,1,$12.7
380,9,0.673(s),Adpative_Trial(4-1),4 & 5,1,0,1,$12.8
381,9,0.546(s),Adpative_Trial(4-1),4 & 5,1,0,1,$12.9
382,9,0.807(s),Adpative_Trial(4-1),5 & 4,1,0,1,$13
383,9,0.626(s),Adpative_Trial(4-1),5 & 4,1,0,1,$13.1
384,9,0.738(s),Adpative_Trial(4-1),4 & 3,1,0,1,$13.2
385,9,0.858(s),Adpative_Same_Color_Trial(4-1),4 & 4,0,0,0.5,$12.95
386,9,0.883(s),Adpative_Trial(4-1),4 & 3,1,0,1,$13.05
387,9,1.235(s),Adpative_Same_Color_Trial(4-1),4 & 4,0,0,0.5,$12.8
388,9,1.139(s),Adpative_Same_Color_Trial(4-1),5 & 5,1,0,1,$12.9
389,9,1.034(s),Adpative_Trial(4-1),4 & 3,1,0,1,$13
390,9,0.804(s),Adpative_Trial(4-1),3 & 4,1,0,1,$13.1
391,9,0.796(s),Adpative_Trial(4-1),5 & 4,1,0,1,$13.2
392,9,1.011(s),Adpative_Trial(4-1),3 & 4,1,0,1,$13.3
393,9,0.708(s),Adpative_Trial(4-1),3 & 4,1,0,1,$13.4
394,9,1.027(s),Adpative_Trial(4-1),4 & 5,1,0,1,$13.5
395,9,0.794(s),Adpative_Trial(4-1),4 & 5,1,0,1,$13.6
396,9,0.699(s),Adpative_Trial(4-1),4 & 5,1,0,1,$13.7
397,9,0.875(s),Adpative_Same_Color_Trial(4-1),3 & 3,0,0,0.5,$13.45
398,9,0.717(s),Adpative_Trial(4-1),4 & 5,1,0,1,$13.55
399,9,0.852(s),Adpative_Same_Color_Trial(4-1),3 & 3,0,0,0.5,$13.3
400,9,1.068(s),Adpative_Same_Color_Trial(4-1),5 & 5,0,0,0.5,$13.05
401,9,0.819(s),Adpative_Same_Color_Trial(4-1),3 & 3,0,0,0.5,$12.8
402,9,0.761(s),Adpative_Trial(4-1),4 & 3,1,0,1,$12.9
403,9,0.922(s),Adpative_Trial(4-1),4 & 5,1,0,1,$13
404,9,0.795(s),Adpative_Trial(4-1),5 & 4,1,0,1,$13.1
405,9,0.875(s),Adpative_Trial(4-1),4 & 3,1,0,1,$13.2
406,9,0.874(s),Adpative_Trial(4-1),5 & 4,1,0,1,$13.3
407,9,0.771(s),Adpative_Trial(4-1),4 & 3,1,0,1,$13.4
408,9,1.195(s),Adpative_Trial(4-1),4 & 3,1,0,1,$13.5
409,9,0.747(s),Adpative_Trial(4-1),3 & 4,1,0,1,$13.6
410,9,1.211(s),Adpative_Same_Color_Trial(4-1),3 & 3,0,0,0.5,$13.35
411,9,0.931(s),Adpative_Trial(4-1),4 & 5,1,0,1,$13.45
412,9,0.907(s),Adpative_Trial(4-1),4 & 3,1,0,1,$13.55
413,9,0.82(s),Adpative_Trial(4-1),3 & 4,1,0,1,$13.65
414,9,0.956(s),Adpative_Trial(4-1),5 & 4,1,0,1,$13.75
415,9,0.772(s),Control_Test_Trial(4-1),3 & 4,1,0,1,$13.85
416,9,1.187(s),Adpative_Test_Trial(10-2),11 & 12,1,0,1,$13.95
417,1,0.778(s),Adpative_Trial(4-1),4 & 5,1,0,1,$14.05
418,1,0.69(s),Adpative_Trial(4-1),4 & 5,1,0,1,$14.15
419,1,0.731(s),Adpative_Trial(4-1),5 & 4,1,0,1,$14.25
420,1,0.788(s),Adpative_Trial(4-1),3 & 4,1,0,1,$14.35
421,1,0.643(s),Adpative_Trial(4-1),3 & 4,1,0,1,$14.45
422,1,0.603(s),Adpative_Trial(4-1),4 & 5,1,0,1,$14.55
423,1,0.787(s),Adpative_Trial(4-1),5 & 4,1,0,1,$14.65
424,1,0.795(s),Adpative_Trial(4-1),4 & 5,1,0,1,$14.75
425,1,0.971(s),Adpative_Same_Color_Trial(4-1),4 & 4,0,0,0.5,$14.5
426,1,0.731(s),Adpative_Trial(4-1),4 & 3,1,0,1,$14.6
427,1,0.603(s),Adpative_Trial(4-1),4 & 5,1,0,1,$14.7
428,1,0.69(s),Adpative_Trial(4-1),3 & 4,1,0,1,$14.8
429,1,0.974(s),Adpative_Same_Color_Trial(4-1),4 & 4,0,0,0.5,$14.55
430,1,0.771(s),Adpative_Trial(4-1),4 & 5,1,0,1,$14.65
431,1,0.619(s),Adpative_Trial(4-1),4 & 5,1,0,1,$14.75
432,1,1.195(s),Adpative_Same_Color_Trial(4-1),5 & 5,1,0,1,$14.85
433,1,0.764(s),Adpative_Trial(4-1),4 & 3,1,0,1,$14.95
434,1,0.666(s),Adpative_Trial(4-1),4 & 5,1,0,1,$15.05
435,1,0.819(s),Adpative_Trial(4-1),4 & 3,1,0,1,$15.15
436,1,0.939(s),Adpative_Trial(4-1),5 & 4,1,0,1,$15.25
437,1,0.77(s),Adpative_Trial(4-1),3 & 4,1,0,1,$15.35
438,1,0.707(s),Adpative_Trial(4-1),4 & 5,1,0,1,$15.45
439,1,0.891(s),Adpative_Trial(4-1),4 & 3,1,0,1,$15.55
440,1,0.955(s),Adpative_Trial(4-1),4 & 3,1,0,1,$15.65
441,1,0.739(s),Adpative_Trial(4-1),4 & 5,1,0,1,$15.75
442,1,1.059(s),Adpative_Same_Color_Trial(4-1),5 & 5,1,0,1,$15.85
443,1,0.977(s),Adpative_Same_Color_Trial(4-1),4 & 4,1,0,1,$15.95
444,1,0.651(s),Adpative_Trial(4-1),4 & 5,1,0,1,$16.05
445,1,0.751(s),Adpative_Trial(4-1),3 & 4,1,0,1,$16.15
446,1,0.915(s),Adpative_Trial(4-1),3 & 4,1,0,1,$16.25
447,1,0.722(s),Adpative_Trial(4-1),3 & 4,1,0,1,$16.35
448,1,0.819(s),Adpative_Same_Color_Trial(4-1),4 & 4,0,0,0.5,$16.1
449,1,0.714(s),Adpative_Trial(4-1),4 & 3,1,0,1,$16.2
450,1,0.802(s),Adpative_Same_Color_Trial(4-1),4 & 4,0,0,0.5,$15.95
451,1,0.715(s),Adpative_Trial(4-1),4 & 3,1,0,1,$16.05
452,1,0.723(s),Adpative_Trial(4-1),3 & 4,1,0,1,$16.15
453,1,0.987(s),Adpative_Trial(4-1),5 & 4,-1,0,0,$15.9
454,1,0.708(s),Adpative_Trial(4-1),4 & 5,1,0,1,$16
455,1,0.674(s),Adpative_Trial(4-1),4 & 5,1,0,1,$16.1
456,1,0.809(s),Adpative_Trial(4-1),5 & 4,1,0,1,$16.2
457,1,0.691(s),Adpative_Trial(4-1),4 & 5,1,0,1,$16.3
458,1,0.707(s),Adpative_Trial(4-1),5 & 4,1,0,1,$16.4
459,1,0.684(s),Adpative_Trial(4-1),5 & 4,1,0,1,$16.5
460,1,0.723(s),Adpative_Trial(4-1),4 & 3,1,0,1,$16.6
461,1,0.69(s),Adpative_Trial(4-1),4 & 5,1,0,1,$16.7
462,1,1.107(s),Adpative_Same_Color_Trial(4-1),3 & 3,0,0,0.5,$16.45
463,1,0.834(s),Adpative_Same_Color_Trial(4-1),3 & 3,0,0,0.5,$16.2
464,1,0.692(s),Adpative_Trial(4-1),4 & 3,1,0,1,$16.3
465,1,1.156(s),Adpative_Same_Color_Trial(4-1),3 & 3,1,0,1,$16.4
466,1,0.698(s),Adpative_Trial(4-1),4 & 5,1,0,1,$16.5
467,1,0.716(s),Control_Test_Trial(4-1),5 & 4,1,0,1,$16.6
468,1,1.299(s),Adpative_Test_Trial(10-2),11 & 12,0,0,0,$16.35
469,10,1.026(s),Adpative_Trial(5-1),5 & 4,1,0,1,$16.45
470,10,1.044(s),Adpative_Same_Color_Trial(5-1),5 & 5,0,0,0.5,$16.2
471,10,1.034(s),Adpative_Same_Color_Trial(5-1),4 & 4,0,0,0.5,$15.95
472,10,1.074(s),Adpative_Trial(5-1),5 & 6,1,0,1,$16.05
473,10,1.042(s),Adpative_Trial(5-1),5 & 6,1,0,1,$16.15
474,10,0.763(s),Adpative_Trial(5-1),5 & 6,1,0,1,$16.25
475,10,1.018(s),Adpative_Trial(5-1),5 & 6,1,0,1,$16.35
476,10,0.763(s),Adpative_Trial(5-1),5 & 6,1,0,1,$16.45
477,10,0.771(s),Adpative_Trial(5-1),5 & 6,1,0,1,$16.55
478,10,1.043(s),Adpative_Same_Color_Trial(5-1),4 & 4,1,0,1,$16.65
479,10,1.042(s),Adpative_Trial(5-1),5 & 4,1,0,1,$16.75
480,10,1.139(s),Adpative_Trial(5-1),5 & 6,1,0,1,$16.85
481,10,1.131(s),Adpative_Trial(5-1),5 & 4,1,0,1,$16.95
482,10,0.922(s),Adpative_Trial(5-1),6 & 5,1,0,1,$17.05
483,10,0.748(s),Adpative_Trial(5-1),5 & 6,1,0,1,$17.15
484,10,0.835(s),Adpative_Same_Color_Trial(5-1),5 & 5,0,0,0.5,$16.9
485,10,0.699(s),Adpative_Trial(5-1),4 & 5,1,0,1,$17
486,10,1.299(s),Adpative_Trial(5-1),6 & 5,1,0,1,$17.1
487,10,0.667(s),Adpative_Same_Color_Trial(5-1),6 & 6,0,0,0.5,$16.85
488,10,0.922(s),Adpative_Trial(5-1),6 & 5,1,0,1,$16.95
489,10,0.747(s),Adpative_Same_Color_Trial(5-1),4 & 4,0,0,0.5,$16.7
490,10,0.748(s),Adpative_Trial(5-1),5 & 4,1,0,1,$16.8
491,10,0.764(s),Adpative_Same_Color_Trial(5-1),4 & 4,0,0,0.5,$16.55
492,10,0.892(s),Adpative_Trial(5-1),6 & 5,1,0,1,$16.65
493,10,0.809(s),Adpative_Trial(5-1),5 & 4,1,0,1,$16.75
494,10,0.755(s),Adpative_Same_Color_Trial(5-1),5 & 5,0,0,0.5,$16.5
495,10,0.66(s),Adpative_Trial(5-1),5 & 6,1,0,1,$16.6
496,10,0.922(s),Adpative_Same_Color_Trial(5-1),6 & 6,0,0,0.5,$16.35
497,10,0.747(s),Adpative_Trial(5-1),5 & 6,1,0,1,$16.45
498,10,0.843(s),Adpative_Trial(5-1),5 & 6,1,0,1,$16.55
499,10,0.66(s),Adpative_Trial(5-1),5 & 6,1,0,1,$16.65
500,10,0.947(s),Adpative_Trial(5-1),5 & 4,1,0,1,$16.75
501,10,0.659(s),Adpative_Trial(5-1),5 & 4,1,0,1,$16.85
502,10,0.819(s),Adpative_Trial(5-1),5 & 6,1,0,1,$16.95
503,10,0.722(s),Adpative_Trial(5-1),6 & 5,1,0,1,$17.05
504,10,0.687(s),Adpative_Trial(5-1),4 & 5,1,0,1,$17.15
505,10,0.691(s),Adpative_Trial(5-1),5 & 4,1,0,1,$17.25
506,10,0.596(s),Adpative_Trial(5-1),5 & 4,1,0,1,$17.35
507,10,0.74(s),Adpative_Trial(5-1),6 & 5,1,0,1,$17.45
508,10,0.722(s),Adpative_Trial(5-1),6 & 5,1,0,1,$17.55
509,10,0.836(s),Adpative_Trial(5-1),5 & 6,1,0,1,$17.65
510,10,0.78(s),Adpative_Trial(5-1),5 & 4,1,0,1,$17.75
511,10,0.675(s),Adpative_Trial(5-1),6 & 5,1,0,1,$17.85
512,10,1.073(s),Adpative_Trial(5-1),5 & 6,1,0,1,$17.95
513,10,0.811(s),Adpative_Trial(5-1),5 & 6,1,0,1,$18.05
514,10,0.85(s),Adpative_Same_Color_Trial(5-1),4 & 4,0,0,0.5,$17.8
515,10,0.682(s),Adpative_Trial(5-1),5 & 6,1,0,1,$17.9
516,10,0.898(s),Adpative_Trial(5-1),5 & 4,1,0,1,$18
517,10,0.828(s),Adpative_Trial(5-1),6 & 5,1,0,1,$18.1
518,10,0.795(s),Adpative_Trial(5-1),5 & 6,1,0,1,$18.2
519,10,0.754(s),Control_Test_Trial(5-1),5 & 4,1,0,1,$18.3
520,10,0.86(s),Adpative_Test_Trial(10-2),11 & 12,1,0,1,$18.4
521,2,1.083(s),Adpative_Trial(5-2),4 & 3,1,0,1,$18.5
522,2,1.168(s),Adpative_Trial(5-2),5 & 4,1,0,1,$18.6
523,2,0.922(s),Adpative_Trial(5-2),6 & 5,1,0,1,$18.7
524,2,1.011(s),Adpative_Trial(5-2),4 & 5,1,0,1,$18.8
525,2,0.94(s),Adpative_Trial(5-2),4 & 3,1,0,1,$18.9
526,2,0.771(s),Adpative_Trial(5-2),5 & 4,1,0,1,$19
527,2,1.107(s),Adpative_Same_Color_Trial(5-2),4 & 4,0,0,0.5,$18.75
528,2,1.027(s),Adpative_Trial(5-2),6 & 5,1,0,1,$18.85
529,2,0.993(s),Adpative_Trial(5-2),5 & 4,1,0,1,$18.95
530,2,0.762(s),Adpative_Same_Color_Trial(5-2),5 & 5,0,0,0.5,$18.7
531,2,1.14(s),Adpative_Trial(5-2),4 & 3,1,0,1,$18.8
532,2,1.082(s),Adpative_Same_Color_Trial(5-2),5 & 5,0,0,0.5,$18.55
533,2,0.723(s),Adpative_Trial(5-2),5 & 6,1,0,1,$18.65
534,2,0.995(s),Adpative_Same_Color_Trial(5-2),3 & 3,0,0,0.5,$18.4
535,2,1.025(s),Adpative_Trial(5-2),7 & 6,1,0,1,$18.5
536,2,0.683(s),Adpative_Trial(5-2),5 & 4,1,0,1,$18.6
537,2,0.635(s),Adpative_Trial(5-2),4 & 3,1,0,1,$18.7
538,2,0.666(s),Adpative_Trial(5-2),6 & 5,1,0,1,$18.8
539,2,0.796(s),Adpative_Trial(5-2),6 & 7,1,0,1,$18.9
540,2,0.707(s),Adpative_Trial(5-2),7 & 6,1,0,1,$19
541,2,0.699(s),Adpative_Trial(5-2),4 & 3,1,0,1,$19.1
542,2,0.867(s),Adpative_Trial(5-2),4 & 3,1,0,1,$19.2
543,2,0.788(s),Adpative_Trial(5-2),6 & 5,1,0,1,$19.3
544,2,0.931(s),Adpative_Trial(5-2),6 & 7,1,0,1,$19.4
545,2,1.171(s),Adpative_Trial(5-2),4 & 3,1,0,1,$19.5
546,2,0.819(s),Adpative_Trial(5-2),5 & 4,1,0,1,$19.6
547,2,0.725(s),Adpative_Trial(5-2),5 & 4,1,0,1,$19.7
548,2,0.755(s),Adpative_Trial(5-2),7 & 6,1,0,1,$19.8
549,2,0.803(s),Adpative_Trial(5-2),4 & 3,1,0,1,$19.9
550,2,0.94(s),Adpative_Same_Color_Trial(5-2),4 & 4,0,0,0.5,$19.65
551,2,0.763(s),Adpative_Same_Color_Trial(5-2),6 & 6,0,0,0.5,$19.4
552,2,1.293(s),Adpative_Same_Color_Trial(5-2),4 & 4,1,0,1,$19.5
553,2,0.86(s),Adpative_Trial(5-2),4 & 3,1,0,1,$19.6
554,2,1.298(s),Adpative_Trial(5-2),6 & 5,-1,0,0,$19.35
555,2,1.229(s),Adpative_Same_Color_Trial(5-2),4 & 4,0,0,0.5,$19.1
556,2,0.868(s),Adpative_Trial(5-2),4 & 3,1,0,1,$19.2
557,2,0.795(s),Adpative_Trial(5-2),6 & 5,1,0,1,$19.3
558,2,1.297(s),Adpative_Trial(5-2),4 & 3,1,0,1,$19.4
559,2,0.931(s),Adpative_Trial(5-2),6 & 7,1,0,1,$19.5
560,2,1.284(s),Adpative_Trial(5-2),6 & 5,1,0,1,$19.6
561,2,0.707(s),Adpative_Trial(5-2),5 & 4,1,0,1,$19.7
562,2,0.988(s),Adpative_Same_Color_Trial(5-2),7 & 7,0,0,0.5,$19.45
563,2,1.276(s),Adpative_Same_Color_Trial(5-2),6 & 6,0,0,0.5,$19.2
564,2,1.179(s),Adpative_Trial(5-2),5 & 4,1,0,1,$19.3
565,2,0.787(s),Adpative_Trial(5-2),5 & 6,1,0,1,$19.4
566,2,0.723(s),Adpative_Trial(5-2),6 & 7,1,0,1,$19.5
567,2,0.859(s),Adpative_Trial(5-2),6 & 7,1,0,1,$19.6
568,2,0.996(s),Adpative_Trial(5-2),4 & 3,1,0,1,$19.7
569,2,0.883(s),Adpative_Trial(5-2),6 & 7,1,0,1,$19.8
570,2,0.682(s),Adpative_Trial(5-2),5 & 6,1,0,1,$19.9
571,2,0.626(s),Control_Test_Trial(5-2),6 & 7,1,0,1,$20
572,2,0.875(s),Adpative_Test_Trial(10-2),11 & 11,0,0,0.5,$19.75
573,3,1.028(s),Adpative_Trial(6-1),7 & 6,1,0,1,$19.85
574,3,0.869(s),Adpative_Trial(6-1),7 & 6,1,0,1,$19.95
575,3,0.915(s),Adpative_Trial(6-1),6 & 7,1,0,1,$20.05
576,3,0.876(s),Adpative_Trial(6-1),5 & 6,1,0,1,$20.15
577,3,0.779(s),Adpative_Trial(6-1),6 & 5,1,0,1,$20.25
578,3,0.954(s),Adpative_Trial(6-1),5 & 6,1,0,1,$20.35
579,3,0.788(s),Adpative_Trial(6-1),6 & 5,1,0,1,$20.45
580,3,0.979(s),Adpative_Trial(6-1),6 & 5,1,0,1,$20.55
581,3,0.916(s),Adpative_Trial(6-1),6 & 5,1,0,1,$20.65
582,3,0.959(s),Adpative_Trial(6-1),6 & 5,1,0,1,$20.75
583,3,0.795(s),Adpative_Trial(6-1),6 & 5,1,0,1,$20.85
584,3,0.715(s),Adpative_Trial(6-1),7 & 6,1,0,1,$20.95
585,3,0.794(s),Adpative_Trial(6-1),5 & 6,1,0,1,$21.05
586,3,0.655(s),Adpative_Same_Color_Trial(6-1),7 & 7,0,0,0.5,$20.8
587,3,0.874(s),Adpative_Same_Color_Trial(6-1),7 & 7,0,0,0.5,$20.55
588,3,1.025(s),Adpative_Same_Color_Trial(6-1),6 & 6,0,0,0.5,$20.3
589,3,0.906(s),Adpative_Trial(6-1),6 & 7,1,0,1,$20.4
590,3,0.698(s),Adpative_Trial(6-1),6 & 7,1,0,1,$20.5
591,3,0.754(s),Adpative_Trial(6-1),6 & 7,1,0,1,$20.6
592,3,0.883(s),Adpative_Trial(6-1),5 & 6,1,0,1,$20.7
593,3,0.787(s),Adpative_Same_Color_Trial(6-1),7 & 7,0,0,0.5,$20.45
594,3,0.809(s),Adpative_Same_Color_Trial(6-1),7 & 7,0,0,0.5,$20.2
595,3,0.842(s),Adpative_Trial(6-1),6 & 7,1,0,1,$20.3
596,3,0.882(s),Adpative_Trial(6-1),6 & 5,1,0,1,$20.4
597,3,0.786(s),Adpative_Trial(6-1),6 & 7,1,0,1,$20.5
598,3,0.714(s),Adpative_Trial(6-1),5 & 6,1,0,1,$20.6
599,3,0.906(s),Adpative_Same_Color_Trial(6-1),7 & 7,0,0,0.5,$20.35
600,3,1.162(s),Adpative_Trial(6-1),6 & 7,-1,0,0,$20.1
601,3,0.796(s),Adpative_Trial(6-1),6 & 7,1,0,1,$20.2
602,3,0.682(s),Adpative_Trial(6-1),5 & 6,1,0,1,$20.3
603,3,0.786(s),Adpative_Trial(6-1),6 & 5,1,0,1,$20.4
604,3,0.69(s),Adpative_Trial(6-1),7 & 6,1,0,1,$20.5
605,3,0.714(s),Adpative_Trial(6-1),6 & 7,1,0,1,$20.6
606,3,0.826(s),Adpative_Trial(6-1),5 & 6,1,0,1,$20.7
607,3,0.842(s),Adpative_Trial(6-1),6 & 5,1,0,1,$20.8
608,3,0.674(s),Adpative_Trial(6-1),6 & 7,1,0,1,$20.9
609,3,0.746(s),Adpative_Same_Color_Trial(6-1),6 & 6,0,0,0.5,$20.65
610,3,0.659(s),Adpative_Trial(6-1),6 & 5,1,0,1,$20.75
611,3,0.595(s),Adpative_Trial(6-1),6 & 7,1,0,1,$20.85
612,3,0.683(s),Adpative_Trial(6-1),6 & 5,1,0,1,$20.95
613,3,0.617(s),Adpative_Trial(6-1),6 & 7,1,0,1,$21.05
614,3,0.697(s),Adpative_Same_Color_Trial(6-1),7 & 7,0,0,0.5,$20.8
615,3,0.73(s),Adpative_Trial(6-1),6 & 7,1,0,1,$20.9
616,3,0.656(s),Adpative_Trial(6-1),7 & 6,1,0,1,$21
617,3,0.578(s),Adpative_Trial(6-1),6 & 7,1,0,1,$21.1
618,3,0.714(s),Adpative_Trial(6-1),6 & 5,1,0,1,$21.2
619,3,0.586(s),Adpative_Same_Color_Trial(6-1),7 & 7,0,0,0.5,$20.95
620,3,0.635(s),Adpative_Trial(6-1),6 & 5,1,0,1,$21.05
621,3,0.714(s),Adpative_Same_Color_Trial(6-1),6 & 6,0,0,0.5,$20.8
622,3,0.601(s),Adpative_Trial(6-1),6 & 5,1,0,1,$20.9
623,3,0.755(s),Control_Test_Trial(6-1),7 & 6,1,0,1,$21
624,3,0.89(s),Adpative_Test_Trial(10-2),11 & 12,1,0,1,$21.1
625,4,1.03(s),Adpative_Trial(7-1),7 & 6,1,0,1,$21.2
626,4,0.62(s),Adpative_Trial(7-1),7 & 8,1,0,1,$21.3
627,4,0.683(s),Adpative_Trial(7-1),7 & 6,1,0,1,$21.4
628,4,0.636(s),Adpative_Trial(7-1),6 & 7,1,0,1,$21.5
629,4,0.676(s),Adpative_Trial(7-1),8 & 7,1,0,1,$21.6
630,4,0.755(s),Adpative_Trial(7-1),7 & 6,1,0,1,$21.7
631,4,0.676(s),Adpative_Trial(7-1),7 & 6,1,0,1,$21.8
632,4,0.812(s),Adpative_Trial(7-1),7 & 6,1,0,1,$21.9
633,4,0.723(s),Adpative_Trial(7-1),7 & 8,1,0,1,$22
634,4,0.644(s),Adpative_Trial(7-1),6 & 7,1,0,1,$22.1
635,4,0.675(s),Adpative_Trial(7-1),6 & 7,1,0,1,$22.2
636,4,0.907(s),Adpative_Same_Color_Trial(7-1),6 & 6,0,0,0.5,$21.95
637,4,0.659(s),Adpative_Trial(7-1),7 & 8,1,0,1,$22.05
638,4,0.86(s),Adpative_Trial(7-1),8 & 7,1,0,1,$22.15
639,4,0.875(s),Adpative_Trial(7-1),7 & 8,1,0,1,$22.25
640,4,0.78(s),Adpative_Same_Color_Trial(7-1),7 & 7,0,0,0.5,$22
641,4,0.9(s),Adpative_Same_Color_Trial(7-1),6 & 6,0,0,0.5,$21.75
642,4,0.764(s),Adpative_Trial(7-1),7 & 6,1,0,1,$21.85
643,4,0.739(s),Adpative_Trial(7-1),6 & 7,1,0,1,$21.95
644,4,0.819(s),Adpative_Trial(7-1),6 & 7,1,0,1,$22.05
645,4,0.876(s),Adpative_Trial(7-1),7 & 8,1,0,1,$22.15
646,4,0.659(s),Adpative_Trial(7-1),7 & 8,1,0,1,$22.25
647,4,0.768(s),Adpative_Same_Color_Trial(7-1),7 & 7,0,0,0.5,$22
648,4,0.845(s),Adpative_Trial(7-1),7 & 6,1,0,1,$22.1
649,4,0.763(s),Adpative_Trial(7-1),6 & 7,1,0,1,$22.2
650,4,0.818(s),Adpative_Trial(7-1),6 & 7,1,0,1,$22.3
651,4,0.74(s),Adpative_Trial(7-1),7 & 8,1,0,1,$22.4
652,4,0.924(s),Adpative_Same_Color_Trial(7-1),8 & 8,0,0,0.5,$22.15
653,4,0.836(s),Adpative_Trial(7-1),7 & 8,1,0,1,$22.25
654,4,0.844(s),Adpative_Same_Color_Trial(7-1),7 & 7,0,0,0.5,$22
655,4,0.707(s),Adpative_Trial(7-1),8 & 7,1,0,1,$22.1
656,4,0.811(s),Adpative_Same_Color_Trial(7-1),6 & 6,0,0,0.5,$21.85
657,4,0.827(s),Adpative_Trial(7-1),7 & 8,1,0,1,$21.95
658,4,0.54(s),Adpative_Trial(7-1),7 & 8,1,0,1,$22.05
659,4,0.803(s),Adpative_Trial(7-1),8 & 7,1,0,1,$22.15
660,4,0.884(s),Adpative_Same_Color_Trial(7-1),8 & 8,0,0,0.5,$21.9
661,4,0.739(s),Adpative_Trial(7-1),6 & 7,1,0,1,$22
662,4,0.803(s),Adpative_Trial(7-1),8 & 7,1,0,1,$22.1
663,4,0.764(s),Adpative_Trial(7-1),7 & 8,1,0,1,$22.2
664,4,0.859(s),Adpative_Same_Color_Trial(7-1),8 & 8,0,0,0.5,$21.95
665,4,0.796(s),Adpative_Trial(7-1),6 & 7,1,0,1,$22.05
666,4,0.787(s),Adpative_Trial(7-1),7 & 6,1,0,1,$22.15
667,4,0.707(s),Adpative_Same_Color_Trial(7-1),8 & 8,0,0,0.5,$21.9
668,4,0.731(s),Adpative_Trial(7-1),7 & 6,1,0,1,$22
669,4,0.707(s),Adpative_Trial(7-1),7 & 8,1,0,1,$22.1
670,4,0.732(s),Adpative_Trial(7-1),6 & 7,1,0,1,$22.2
671,4,0.81(s),Adpative_Trial(7-1),8 & 7,1,0,1,$22.3
672,4,0.74(s),Adpative_Trial(7-1),8 & 7,1,0,1,$22.4
673,4,0.779(s),Adpative_Trial(7-1),7 & 6,1,0,1,$22.5
674,4,0.669(s),Adpative_Trial(7-1),7 & 6,1,0,1,$22.6
675,4,0.716(s),Control_Test_Trial(7-1),7 & 6,1,0,1,$22.7
676,4,1.243(s),Adpative_Test_Trial(3-2),1 & 1,0,0,0.5,$22.45
677,5,0.922(s),Adpative_Same_Color_Trial(8-1),8 & 8,0,0,0.5,$22.2
678,5,0.9(s),Adpative_Trial(8-1),9 & 8,1,0,1,$22.3
679,5,0.836(s),Adpative_Trial(8-1),8 & 7,1,0,1,$22.4
680,5,0.892(s),Adpative_Trial(8-1),8 & 9,1,0,1,$22.5
681,5,0.868(s),Adpative_Trial(8-1),8 & 7,1,0,1,$22.6
682,5,0.74(s),Adpative_Same_Color_Trial(8-1),9 & 9,0,0,0.5,$22.35
683,5,0.885(s),Adpative_Trial(8-1),8 & 7,1,0,1,$22.45
684,5,1.003(s),Adpative_Same_Color_Trial(8-1),7 & 7,0,0,0.5,$22.2
685,5,0.628(s),Adpative_Trial(8-1),7 & 8,1,0,1,$22.3
686,5,0.748(s),Adpative_Trial(8-1),8 & 9,1,0,1,$22.4
687,5,0.836(s),Adpative_Trial(8-1),8 & 9,1,0,1,$22.5
688,5,0.837(s),Adpative_Same_Color_Trial(8-1),9 & 9,0,0,0.5,$22.25
689,5,0.717(s),Adpative_Trial(8-1),8 & 9,1,0,1,$22.35
690,5,0.907(s),Adpative_Trial(8-1),8 & 7,1,0,1,$22.45
691,5,1.05(s),Adpative_Trial(8-1),7 & 8,1,0,1,$22.55
692,5,0.781(s),Adpative_Trial(8-1),8 & 7,1,0,1,$22.65
693,5,0.763(s),Adpative_Trial(8-1),8 & 7,1,0,1,$22.75
694,5,0.947(s),Adpative_Same_Color_Trial(8-1),7 & 7,0,0,0.5,$22.5
695,5,0.663(s),Adpative_Trial(8-1),8 & 9,1,0,1,$22.6
696,5,0.685(s),Adpative_Trial(8-1),7 & 8,1,0,1,$22.7
697,5,0.835(s),Adpative_Trial(8-1),8 & 7,1,0,1,$22.8
698,5,0.636(s),Adpative_Trial(8-1),8 & 7,1,0,1,$22.9
699,5,0.827(s),Adpative_Trial(8-1),7 & 8,1,0,1,$23
700,5,0.667(s),Adpative_Trial(8-1),8 & 9,1,0,1,$23.1
701,5,0.757(s),Adpative_Trial(8-1),9 & 8,1,0,1,$23.2
702,5,0.757(s),Adpative_Trial(8-1),8 & 9,1,0,1,$23.3
703,5,0.73(s),Adpative_Trial(8-1),9 & 8,1,0,1,$23.4
704,5,0.756(s),Adpative_Trial(8-1),8 & 7,1,0,1,$23.5
705,5,0.914(s),Adpative_Same_Color_Trial(8-1),8 & 8,0,0,0.5,$23.25
706,5,0.906(s),Adpative_Trial(8-1),8 & 7,1,0,1,$23.35
707,5,0.834(s),Adpative_Trial(8-1),8 & 9,1,0,1,$23.45
708,5,0.618(s),Adpative_Trial(8-1),7 & 8,1,0,1,$23.55
709,5,0.884(s),Adpative_Trial(8-1),8 & 7,1,0,1,$23.65
710,5,0.738(s),Adpative_Trial(8-1),8 & 9,1,0,1,$23.75
711,5,0.753(s),Adpative_Same_Color_Trial(8-1),8 & 8,0,0,0.5,$23.5
712,5,0.636(s),Adpative_Trial(8-1),8 & 9,1,0,1,$23.6
713,5,0.65(s),Adpative_Trial(8-1),8 & 9,1,0,1,$23.7
714,5,0.786(s),Adpative_Trial(8-1),8 & 7,1,0,1,$23.8
715,5,0.747(s),Adpative_Trial(8-1),7 & 8,1,0,1,$23.9
716,5,0.778(s),Adpative_Same_Color_Trial(8-1),9 & 9,0,0,0.5,$23.65
717,5,1.588(s),Adpative_Same_Color_Trial(8-1),8 & 8,1,0,1,$23.75
718,5,1.035(s),Adpative_Same_Color_Trial(8-1),9 & 9,0,0,0.5,$23.5
719,5,0.9(s),Adpative_Trial(8-1),8 & 7,1,0,1,$23.6
720,5,0.794(s),Adpative_Trial(8-1),9 & 8,1,0,1,$23.7
721,5,0.796(s),Adpative_Trial(8-1),9 & 8,1,0,1,$23.8
722,5,1.203(s),Adpative_Trial(8-1),8 & 9,1,0,1,$23.9
723,5,0.992(s),Adpative_Trial(8-1),8 & 7,1,0,1,$24
724,5,0.691(s),Adpative_Trial(8-1),9 & 8,1,0,1,$24.1
725,5,0.657(s),Adpative_Trial(8-1),9 & 8,1,0,1,$24.2
726,5,0.953(s),Adpative_Trial(8-1),8 & 7,1,0,1,$24.3
727,5,0.939(s),Control_Test_Trial(8-1),8 & 7,1,0,1,$24.4
728,5,1.09(s),Adpative_Test_Trial(3-2),1 & 2,1,0,1,$24.5
729,11,1.147(s),Adpative_Trial(8-1),8 & 7,1,0,1,$24.6
730,11,0.924(s),Adpative_Trial(8-1),8 & 9,1,0,1,$24.7
731,11,0.796(s),Adpative_Trial(8-1),8 & 7,1,0,1,$24.8
732,11,0.689(s),Adpative_Trial(8-1),8 & 7,1,0,1,$24.9
733,11,0.795(s),Adpative_Trial(8-1),8 & 7,1,0,1,$25
734,11,0.957(s),Adpative_Trial(8-1),8 & 9,1,0,1,$25.1
735,11,0.87(s),Adpative_Trial(8-1),9 & 8,1,0,1,$25.2
736,11,1.034(s),Adpative_Same_Color_Trial(8-1),8 & 8,0,0,0.5,$24.95
737,11,0.881(s),Adpative_Trial(8-1),8 & 9,1,0,1,$25.05
738,11,0.741(s),Adpative_Trial(8-1),8 & 9,1,0,1,$25.15
739,11,1.066(s),Adpative_Same_Color_Trial(8-1),8 & 8,0,0,0.5,$24.9
740,11,1.042(s),Adpative_Trial(8-1),8 & 9,1,0,1,$25
741,11,1.01(s),Adpative_Trial(8-1),8 & 7,1,0,1,$25.1
742,11,0.762(s),Adpative_Trial(8-1),9 & 8,1,0,1,$25.2
743,11,0.821(s),Adpative_Trial(8-1),7 & 8,1,0,1,$25.3
744,11,0.551(s),Adpative_Trial(8-1),8 & 9,1,0,1,$25.4
745,11,0.643(s),Adpative_Trial(8-1),8 & 9,1,0,1,$25.5
746,11,1.162(s),Adpative_Trial(8-1),8 & 7,-1,0,0,$25.25
747,11,0.853(s),Adpative_Trial(8-1),8 & 9,1,0,1,$25.35
748,11,0.924(s),Adpative_Trial(8-1),8 & 7,1,0,1,$25.45
749,11,0.633(s),Adpative_Trial(8-1),8 & 7,1,0,1,$25.55
750,11,0.56(s),Adpative_Trial(8-1),8 & 7,1,0,1,$25.65
751,11,0.643(s),Adpative_Trial(8-1),8 & 7,1,0,1,$25.75
752,11,0.638(s),Adpative_Trial(8-1),8 & 7,1,0,1,$25.85
753,11,0.843(s),Adpative_Trial(8-1),9 & 8,1,0,1,$25.95
754,11,1.001(s),Adpative_Trial(8-1),8 & 7,1,0,1,$26.05
755,11,0.74(s),Adpative_Same_Color_Trial(8-1),8 & 8,0,0,0.5,$25.8
756,11,0.633(s),Adpative_Trial(8-1),7 & 8,1,0,1,$25.9
757,11,0.639(s),Adpative_Trial(8-1),9 & 8,0,0,0,$25.65
758,11,0.734(s),Adpative_Trial(8-1),8 & 7,1,0,1,$25.75
759,11,0.889(s),Adpative_Same_Color_Trial(8-1),8 & 8,0,0,0.5,$25.5
760,11,0.758(s),Adpative_Trial(8-1),8 & 9,1,0,1,$25.6
761,11,0.58(s),Adpative_Same_Color_Trial(8-1),9 & 9,0,0,0.5,$25.35
762,11,0.659(s),Adpative_Trial(8-1),7 & 8,1,0,1,$25.45
763,11,1.652(s),Adpative_Same_Color_Trial(8-1),7 & 7,1,0,1,$25.55
764,11,1.21(s),Adpative_Same_Color_Trial(8-1),9 & 9,0,0,0.5,$25.3
765,11,0.854(s),Adpative_Trial(8-1),8 & 7,1,0,1,$25.4
766,11,1.004(s),Adpative_Trial(8-1),8 & 7,1,0,1,$25.5
767,11,1.133(s),Adpative_Same_Color_Trial(8-1),9 & 9,0,0,0.5,$25.25
768,11,0.828(s),Adpative_Trial(8-1),8 & 9,1,0,1,$25.35
769,11,0.742(s),Adpative_Trial(8-1),8 & 9,1,0,1,$25.45
770,11,0.702(s),Adpative_Same_Color_Trial(8-1),8 & 8,0,0,0.5,$25.2
771,11,0.685(s),Adpative_Trial(8-1),8 & 7,1,0,1,$25.3
772,11,0.758(s),Adpative_Trial(8-1),8 & 9,1,0,1,$25.4
773,11,0.61(s),Adpative_Trial(8-1),8 & 9,1,0,1,$25.5
774,11,0.935(s),Adpative_Same_Color_Trial(8-1),8 & 8,0,0,0.5,$25.25
775,11,0.777(s),Adpative_Trial(8-1),8 & 9,1,0,1,$25.35
776,11,1.21(s),Adpative_Trial(8-1),7 & 8,-1,0,0,$25.1
777,11,0.85(s),Adpative_Trial(8-1),9 & 8,1,0,1,$25.2
778,11,0.785(s),Adpative_Trial(8-1),9 & 8,1,0,1,$25.3
779,11,0.977(s),Control_Test_Trial(8-1),8 & 7,1,0,1,$25.4
780,11,1.219(s),Adpative_Test_Trial(3-2),2 & 3,1,0,1,$25.5
781,6,0.97(s),Adpative_Same_Color_Trial(9-1),9 & 9,0,0,0.5,$25.25
782,6,0.81(s),Adpative_Trial(9-1),10 & 9,1,0,1,$25.35
783,6,1.131(s),Adpative_Trial(9-1),9 & 8,1,0,1,$25.45
784,6,0.809(s),Adpative_Trial(9-1),9 & 10,1,0,1,$25.55
785,6,0.882(s),Adpative_Trial(9-1),9 & 8,1,0,1,$25.65
786,6,0.993(s),Adpative_Same_Color_Trial(9-1),10 & 10,0,0,0.5,$25.4
787,6,0.851(s),Adpative_Trial(9-1),8 & 9,1,0,1,$25.5
788,6,0.737(s),Adpative_Trial(9-1),8 & 9,1,0,1,$25.6
789,6,0.899(s),Adpative_Trial(9-1),8 & 9,1,0,1,$25.7
790,6,0.73(s),Adpative_Trial(9-1),9 & 10,1,0,1,$25.8
791,6,1.042(s),Adpative_Trial(9-1),9 & 10,1,0,1,$25.9
792,6,1.61(s),Adpative_Same_Color_Trial(9-1),9 & 9,0,0,0.5,$25.65
793,6,0.882(s),Adpative_Trial(9-1),9 & 8,1,0,1,$25.75
794,6,0.835(s),Adpative_Trial(9-1),10 & 9,1,0,1,$25.85
795,6,0.994(s),Adpative_Same_Color_Trial(9-1),9 & 9,0,0,0.5,$25.6
796,6,0.785(s),Adpative_Trial(9-1),10 & 9,1,0,1,$25.7
797,6,0.73(s),Adpative_Trial(9-1),9 & 8,1,0,1,$25.8
798,6,0.754(s),Adpative_Trial(9-1),9 & 10,1,0,1,$25.9
799,6,0.818(s),Adpative_Trial(9-1),9 & 8,1,0,1,$26
800,6,0.864(s),Adpative_Trial(9-1),10 & 9,1,0,1,$26.1
801,6,0.866(s),Adpative_Trial(9-1),8 & 9,1,0,1,$26.2
802,6,1.65(s),Adpative_Same_Color_Trial(9-1),8 & 8,1,0,1,$26.3
803,6,1.003(s),Adpative_Trial(9-1),9 & 10,1,0,1,$26.4
804,6,0.834(s),Adpative_Trial(9-1),9 & 8,1,0,1,$26.5
805,6,0.856(s),Adpative_Same_Color_Trial(9-1),9 & 9,0,0,0.5,$26.25
806,6,0.824(s),Adpative_Same_Color_Trial(9-1),9 & 9,0,0,0.5,$26
807,6,0.921(s),Adpative_Trial(9-1),9 & 8,1,0,1,$26.1
808,6,0.819(s),Adpative_Trial(9-1),9 & 10,1,0,1,$26.2
809,6,0.491(s),Adpative_Trial(9-1),9 & 10,1,0,1,$26.3
810,6,0.714(s),Adpative_Trial(9-1),9 & 8,1,0,1,$26.4
811,6,0.754(s),Adpative_Trial(9-1),9 & 10,1,0,1,$26.5
812,6,0.802(s),Adpative_Trial(9-1),9 & 8,1,0,1,$26.6
813,6,0.634(s),Adpative_Trial(9-1),10 & 9,1,0,1,$26.7
814,6,0.795(s),Adpative_Same_Color_Trial(9-1),8 & 8,0,0,0.5,$26.45
815,6,0.937(s),Adpative_Trial(9-1),9 & 8,1,0,1,$26.55
816,6,0.755(s),Adpative_Trial(9-1),8 & 9,1,0,1,$26.65
817,6,0.938(s),Adpative_Trial(9-1),9 & 8,1,0,1,$26.75
818,6,0.706(s),Adpative_Trial(9-1),10 & 9,1,0,1,$26.85
819,6,0.738(s),Adpative_Trial(9-1),9 & 10,1,0,1,$26.95
820,6,0.866(s),Adpative_Trial(9-1),10 & 9,1,0,1,$27.05
821,6,0.659(s),Adpative_Trial(9-1),9 & 10,1,0,1,$27.15
822,6,0.859(s),Adpative_Trial(9-1),10 & 9,1,0,1,$27.25
823,6,0.762(s),Adpative_Trial(9-1),9 & 10,1,0,1,$27.35
824,6,0.666(s),Adpative_Trial(9-1),8 & 9,1,0,1,$27.45
825,6,0.874(s),Adpative_Trial(9-1),9 & 8,1,0,1,$27.55
826,6,0.756(s),Adpative_Same_Color_Trial(9-1),8 & 8,0,0,0.5,$27.3
827,6,0.787(s),Adpative_Same_Color_Trial(9-1),8 & 8,0,0,0.5,$27.05
828,6,0.747(s),Adpative_Trial(9-1),9 & 8,1,0,1,$27.15
829,6,0.865(s),Adpative_Trial(9-1),9 & 8,1,0,1,$27.25
830,6,0.849(s),Adpative_Trial(9-1),9 & 8,1,0,1,$27.35
831,6,0.899(s),Control_Test_Trial(9-1),10 & 9,1,0,1,$27.45
832,6,1.243(s),Adpative_Test_Trial(3-2),2 & 3,1,0,1,$27.55
833,0,1.307(s),Control_Trial(10-2),9 & 8,1,0,1,$27.65
834,0,0.755(s),Control_Same_Color_Trial(10-2),11 & 11,0,0,0.5,$27.4
835,0,1.155(s),Control_Trial(10-2),11 & 10,1,0,1,$27.5
836,0,0.955(s),Control_Trial(10-2),11 & 10,1,0,1,$27.6
837,0,0.786(s),Control_Trial(10-2),11 & 10,0,0,0,$27.35
838,0,0.931(s),Control_Trial(10-2),9 & 8,1,0,1,$27.45
839,0,1.107(s),Control_Trial(10-2),11 & 10,1,0,1,$27.55
840,0,1.387(s),Control_Trial(10-2),10 & 11,1,0,1,$27.65
841,0,0.73(s),Control_Trial(10-2),11 & 10,1,0,1,$27.75
842,0,0.899(s),Control_Trial(10-2),9 & 10,1,0,1,$27.85
843,0,1.474(s),Control_Same_Color_Trial(10-2),9 & 9,1,0,1,$27.95
844,0,0.811(s),Control_Trial(10-2),11 & 10,1,0,1,$28.05
845,0,0.739(s),Control_Trial(10-2),9 & 10,1,0,1,$28.15
846,0,0.635(s),Control_Trial(10-2),10 & 11,1,0,1,$28.25
847,0,0.763(s),Control_Trial(10-2),11 & 10,1,0,1,$28.35
848,0,0.739(s),Control_Trial(10-2),9 & 8,1,0,1,$28.45
849,0,0.804(s),Control_Trial(10-2),11 & 10,1,0,1,$28.55
850,0,0.892(s),Control_Trial(10-2),9 & 8,1,0,1,$28.65
851,0,0.844(s),Control_Same_Color_Trial(10-2),10 & 10,0,0,0.5,$28.4
852,0,0.676(s),Control_Trial(10-2),11 & 10,0,0,0,$28.15
853,0,0.713(s),Control_Trial(10-2),9 & 10,1,0,1,$28.25
854,0,0.748(s),Control_Same_Color_Trial(10-2),9 & 9,0,0,0.5,$28
855,0,0.627(s),Control_Trial(10-2),8 & 9,1,0,1,$28.1
856,0,0.811(s),Control_Trial(10-2),10 & 9,1,0,1,$28.2
857,0,0.843(s),Control_Same_Color_Trial(10-2),11 & 11,0,0,0.5,$27.95
858,0,1.515(s),Control_Trial(10-2),9 & 8,-1,0,0,$27.7
859,0,0.755(s),Control_Trial(10-2),10 & 11,1,0,1,$27.8
860,0,0.787(s),Control_Trial(10-2),11 & 10,1,0,1,$27.9
861,0,0.667(s),Control_Trial(10-2),11 & 10,1,0,1,$28
862,0,0.746(s),Control_Trial(10-2),11 & 10,1,0,1,$28.1
863,0,0.635(s),Control_Trial(10-2),11 & 10,1,0,1,$28.2
864,0,1.115(s),Control_Trial(10-2),9 & 8,1,0,1,$28.3
865,0,0.78(s),Control_Trial(10-2),10 & 11,1,0,1,$28.4
866,0,0.875(s),Control_Trial(10-2),11 & 10,1,0,1,$28.5
867,0,0.835(s),Control_Same_Color_Trial(10-2),9 & 9,0,0,0.5,$28.25
868,0,0.931(s),Control_Trial(10-2),9 & 8,1,0,1,$28.35
869,0,0.867(s),Control_Same_Color_Trial(10-2),8 & 8,0,0,0.5,$28.1
870,0,0.827(s),Control_Same_Color_Trial(10-2),11 & 11,0,0,0.5,$27.85
871,0,1.155(s),Control_Trial(10-2),11 & 10,1,0,1,$27.95
872,0,0.724(s),Control_Trial(10-2),10 & 9,1,0,1,$28.05
873,0,0.938(s),Control_Trial(10-2),9 & 8,1,0,1,$28.15
874,0,0.901(s),Control_Trial(10-2),11 & 10,0,0,0,$27.9
875,0,0.859(s),Control_Trial(10-2),9 & 8,0,0,0,$27.65
876,0,0.787(s),Control_Trial(10-2),9 & 10,1,0,1,$27.75
877,0,0.907(s),Control_Trial(10-2),9 & 8,1,0,1,$27.85
878,0,0.868(s),Control_Same_Color_Trial(10-2),11 & 11,0,0,0.5,$27.6
879,0,0.804(s),Control_Trial(10-2),11 & 10,1,0,1,$27.7
880,0,0.956(s),Control_Same_Color_Trial(10-2),10 & 10,0,0,0.5,$27.45
881,0,0.747(s),Control_Trial(10-2),11 & 10,1,0,1,$27.55
882,0,0.914(s),Control_Trial(10-2),11 & 10,1,0,1,$27.65
883,0,0.699(s),Control_Test_Trial(10-2),11 & 11,0,0,0.5,$27.4
884,0,0.914(s),Adpative_Test_Trial(3-1),2 & 3,1,0,1,$27.5
885,9,0.891(s),Control_Trial(10-2),10 & 9,1,0,1,$27.6
886,9,0.675(s),Control_Trial(10-2),11 & 10,1,0,1,$27.7
887,9,1.004(s),Control_Trial(10-2),11 & 10,0,0,0,$27.45
888,9,0.892(s),Control_Trial(10-2),10 & 9,1,0,1,$27.55
889,9,0.995(s),Control_Trial(10-2),10 & 9,1,0,1,$27.65
890,9,0.871(s),Control_Trial(10-2),11 & 10,1,0,1,$27.75
891,9,0.747(s),Control_Trial(10-2),11 & 10,1,0,1,$27.85
892,9,0.972(s),Control_Same_Color_Trial(10-2),10 & 10,0,0,0.5,$27.6
893,9,0.811(s),Control_Same_Color_Trial(10-2),11 & 11,0,0,0.5,$27.35
894,9,0.867(s),Control_Trial(10-2),11 & 10,1,0,1,$27.45
895,9,0.675(s),Control_Trial(10-2),10 & 11,1,0,1,$27.55
896,9,0.78(s),Control_Same_Color_Trial(10-2),11 & 11,0,0,0.5,$27.3
897,9,0.931(s),Control_Trial(10-2),9 & 8,1,0,1,$27.4
898,9,0.917(s),Control_Trial(10-2),11 & 10,1,0,1,$27.5
899,9,0.731(s),Control_Trial(10-2),11 & 10,1,0,1,$27.6
900,9,0.971(s),Control_Trial(10-2),10 & 11,1,0,1,$27.7
901,9,0.851(s),Control_Trial(10-2),11 & 10,1,0,1,$27.8
902,9,0.859(s),Control_Trial(10-2),11 & 10,1,0,1,$27.9
903,9,0.851(s),Control_Trial(10-2),10 & 9,1,0,1,$28
904,9,0.923(s),Control_Trial(10-2),9 & 8,1,0,1,$28.1
905,9,1.01(s),Control_Trial(10-2),11 & 10,1,0,1,$28.2
906,9,0.771(s),Control_Trial(10-2),11 & 10,0,0,0,$27.95
907,9,1.372(s),Control_Same_Color_Trial(10-2),8 & 8,0,0,0.5,$27.7
908,9,1.618(s),Control_Trial(10-2),11 & 10,-1,0,0,$27.45
909,9,0.754(s),Control_Trial(10-2),9 & 8,1,0,1,$27.55
910,9,0.851(s),Control_Trial(10-2),11 & 10,1,0,1,$27.65
911,9,0.828(s),Control_Trial(10-2),11 & 10,1,0,1,$27.75
912,9,0.731(s),Control_Trial(10-2),10 & 11,1,0,1,$27.85
913,9,0.939(s),Control_Trial(10-2),9 & 8,1,0,1,$27.95
914,9,0.714(s),Control_Trial(10-2),9 & 10,1,0,1,$28.05
915,9,0.883(s),Control_Same_Color_Trial(10-2),8 & 8,0,0,0.5,$27.8
916,9,0.844(s),Control_Same_Color_Trial(10-2),10 & 10,0,0,0.5,$27.55
917,9,0.828(s),Control_Same_Color_Trial(10-2),11 & 11,0,0,0.5,$27.3
918,9,1.06(s),Control_Trial(10-2),9 & 8,1,0,1,$27.4
919,9,1.166(s),Control_Trial(10-2),11 & 10,1,0,1,$27.5
920,9,0.849(s),Control_Trial(10-2),11 & 10,1,0,1,$27.6
921,9,0.715(s),Control_Trial(10-2),11 & 10,1,0,1,$27.7
922,9,1.139(s),Control_Same_Color_Trial(10-2),8 & 8,0,0,0.5,$27.45
923,9,0.956(s),Control_Trial(10-2),11 & 10,1,0,1,$27.55
924,9,0.906(s),Control_Trial(10-2),10 & 9,1,0,1,$27.65
925,9,0.851(s),Control_Trial(10-2),9 & 8,1,0,1,$27.75
926,9,0.947(s),Control_Trial(10-2),10 & 11,1,0,1,$27.85
927,9,1.043(s),Control_Same_Color_Trial(10-2),10 & 10,0,0,0.5,$27.6
928,9,0.826(s),Control_Trial(10-2),11 & 10,1,0,1,$27.7
929,9,0.947(s),Control_Same_Color_Trial(10-2),8 & 8,0,0,0.5,$27.45
930,9,0.978(s),Control_Trial(10-2),11 & 10,1,0,1,$27.55
931,9,0.779(s),Control_Trial(10-2),11 & 10,1,0,1,$27.65
932,9,0.94(s),Control_Trial(10-2),9 & 8,0,0,0,$27.4
933,9,0.915(s),Control_Trial(10-2),11 & 10,1,0,1,$27.5
934,9,1.067(s),Control_Trial(10-2),9 & 10,1,0,1,$27.6
935,9,0.867(s),Control_Test_Trial(10-2),11 & 12,1,0,1,$27.7
936,9,0.955(s),Adpative_Test_Trial(4-1),3 & 4,1,0,1,$27.8
937,10,0.786(s),Control_Trial(10-2),9 & 8,1,0,1,$27.9
938,10,0.804(s),Control_Trial(10-2),9 & 8,1,0,1,$28
939,10,0.826(s),Control_Trial(10-2),11 & 10,1,0,1,$28.1
940,10,0.851(s),Control_Trial(10-2),11 & 10,1,0,1,$28.2
941,10,1.011(s),Control_Trial(10-2),9 & 8,1,0,1,$28.3
942,10,1.091(s),Control_Same_Color_Trial(10-2),9 & 9,0,0,0.5,$28.05
943,10,1.026(s),Control_Trial(10-2),11 & 10,1,0,1,$28.15
944,10,1.266(s),Control_Trial(10-2),11 & 10,1,0,1,$28.25
945,10,0.964(s),Control_Trial(10-2),9 & 8,0,0,0,$28
946,10,1.003(s),Control_Trial(10-2),9 & 10,1,0,1,$28.1
947,10,1.336(s),Control_Trial(10-2),9 & 8,1,0,1,$28.2
948,10,1.274(s),Control_Trial(10-2),11 & 10,1,0,1,$28.3
949,10,1.05(s),Control_Same_Color_Trial(10-2),8 & 8,0,0,0.5,$28.05
950,10,0.836(s),Control_Same_Color_Trial(10-2),11 & 11,0,0,0.5,$27.8
951,10,1.082(s),Control_Same_Color_Trial(10-2),9 & 9,0,0,0.5,$27.55
952,10,0.874(s),Control_Trial(10-2),9 & 8,1,0,1,$27.65
953,10,0.867(s),Control_Trial(10-2),10 & 9,1,0,1,$27.75
954,10,0.939(s),Control_Same_Color_Trial(10-2),8 & 8,0,0,0.5,$27.5
955,10,0.627(s),Control_Same_Color_Trial(10-2),9 & 9,0,0,0.5,$27.25
956,10,0.564(s),Control_Trial(10-2),8 & 9,1,0,1,$27.35
957,10,0.851(s),Control_Trial(10-2),11 & 10,1,0,1,$27.45
958,10,0.787(s),Control_Same_Color_Trial(10-2),8 & 8,0,0,0.5,$27.2
959,10,0.688(s),Control_Trial(10-2),8 & 9,1,0,1,$27.3
960,10,0.582(s),Control_Trial(10-2),8 & 9,1,0,1,$27.4
961,10,0.899(s),Control_Trial(10-2),10 & 11,1,0,1,$27.5
962,10,0.771(s),Control_Trial(10-2),9 & 8,1,0,1,$27.6
963,10,1.051(s),Control_Trial(10-2),10 & 11,1,0,1,$27.7
964,10,0.787(s),Control_Trial(10-2),11 & 10,1,0,1,$27.8
965,10,0.754(s),Control_Same_Color_Trial(10-2),8 & 8,0,0,0.5,$27.55
966,10,0.723(s),Control_Trial(10-2),11 & 10,0,0,0,$27.3
967,10,0.754(s),Control_Trial(10-2),9 & 8,1,0,1,$27.4
968,10,0.883(s),Control_Trial(10-2),9 & 10,1,0,1,$27.5
969,10,0.812(s),Control_Trial(10-2),9 & 8,1,0,1,$27.6
970,10,0.923(s),Control_Trial(10-2),11 & 10,1,0,1,$27.7
971,10,1.067(s),Control_Trial(10-2),11 & 10,1,0,1,$27.8
972,10,0.764(s),Control_Same_Color_Trial(10-2),10 & 10,0,0,0.5,$27.55
973,10,0.787(s),Control_Same_Color_Trial(10-2),8 & 8,0,0,0.5,$27.3
974,10,1.099(s),Control_Trial(10-2),11 & 10,0,0,0,$27.05
975,10,0.836(s),Control_Trial(10-2),11 & 10,1,0,1,$27.15
976,10,0.793(s),Control_Trial(10-2),10 & 9,1,0,1,$27.25
977,10,1.186(s),Control_Trial(10-2),10 & 9,1,0,1,$27.35
978,10,1.164(s),Control_Trial(10-2),10 & 9,1,0,1,$27.45
979,10,0.987(s),Control_Trial(10-2),11 & 10,0,0,0,$27.2
980,10,0.706(s),Control_Trial(10-2),11 & 10,0,0,0,$26.95
981,10,0.659(s),Control_Trial(10-2),10 & 9,1,0,1,$27.05
982,10,0.891(s),Control_Trial(10-2),8 & 9,0,0,0,$26.8
983,10,0.842(s),Control_Trial(10-2),11 & 10,1,0,1,$26.9
984,10,1.155(s),Control_Trial(10-2),9 & 8,1,0,1,$27.000000000001
985,10,1.019(s),Control_Trial(10-2),8 & 9,1,0,1,$27.100000000001
986,10,1.315(s),Control_Trial(10-2),11 & 10,1,0,1,$27.200000000001
987,10,1.219(s),Control_Test_Trial(10-2),11 & 12,1,0,1,$27.300000000001
988,10,1.106(s),Adpative_Test_Trial(5-1),5 & 4,1,0,1,$27.400000000001
989,7,1.058(s),Adpative_Trial(10-2),11 & 10,1,0,1,$27.500000000001
990,7,1.259(s),Adpative_Trial(10-2),9 & 8,1,0,1,$27.600000000001
991,7,1.499(s),Adpative_Trial(10-2),9 & 10,1,0,1,$27.700000000001
992,7,1.084(s),Adpative_Trial(10-2),9 & 8,1,0,1,$27.800000000001
993,7,0.717(s),Adpative_Trial(10-2),10 & 9,1,0,1,$27.900000000001
994,7,0.946(s),Adpative_Trial(10-2),11 & 10,1,0,1,$28.000000000001
995,7,0.866(s),Adpative_Trial(10-2),10 & 11,1,0,1,$28.100000000001
996,7,0.675(s),Adpative_Trial(10-2),8 & 9,1,0,1,$28.200000000001
997,7,0.8(s),Adpative_Trial(10-2),11 & 10,1,0,1,$28.300000000001
998,7,0.923(s),Adpative_Trial(10-2),9 & 10,1,0,1,$28.400000000001
999,7,1.065(s),Adpative_Same_Color_Trial(10-2),8 & 8,0,0,0.5,$28.150000000001
1000,7,1.172(s),Adpative_Trial(10-2),11 & 10,0,0,0,$27.900000000001
1001,7,0.932(s),Adpative_Same_Color_Trial(10-2),9 & 9,0,0,0.5,$27.650000000001
1002,7,1.228(s),Adpative_Trial(10-2),11 & 10,0,0,0,$27.400000000001
1003,7,1.066(s),Adpative_Trial(10-2),11 & 10,0,0,0,$27.150000000001
1004,7,0.756(s),Adpative_Trial(10-2),8 & 9,1,0,1,$27.250000000001
1005,7,0.787(s),Adpative_Trial(10-2),11 & 10,0,0,0,$27.000000000001
1006,7,0.858(s),Adpative_Same_Color_Trial(10-2),9 & 9,0,0,0.5,$26.750000000001
1007,7,1.538(s),Adpative_Trial(10-2),9 & 8,1,0,1,$26.850000000001
1008,7,1.403(s),Adpative_Trial(10-2),11 & 10,1,0,1,$26.950000000001
1009,7,0.994(s),Adpative_Same_Color_Trial(10-2),10 & 10,0,0,0.5,$26.700000000001
1010,7,0.699(s),Adpative_Trial(10-2),9 & 10,1,0,1,$26.800000000001
1011,7,1.052(s),Adpative_Same_Color_Trial(10-2),11 & 11,0,0,0.5,$26.550000000001
1012,7,0.644(s),Adpative_Trial(10-2),9 & 10,1,0,1,$26.650000000001
1013,7,0.755(s),Adpative_Trial(10-2),10 & 9,1,0,1,$26.750000000001
1014,7,1.068(s),Adpative_Trial(10-2),8 & 9,1,0,1,$26.850000000001
1015,7,0.986(s),Adpative_Same_Color_Trial(10-2),10 & 10,0,0,0.5,$26.600000000001
1016,7,0.747(s),Adpative_Trial(10-2),10 & 11,1,0,1,$26.700000000001
1017,7,0.724(s),Adpative_Trial(10-2),11 & 10,1,0,1,$26.800000000001
1018,7,0.795(s),Adpative_Same_Color_Trial(10-2),11 & 11,0,0,0.5,$26.550000000001
1019,7,0.809(s),Adpative_Trial(10-2),11 & 10,1,0,1,$26.650000000001
1020,7,0.651(s),Adpative_Trial(10-2),11 & 10,1,0,1,$26.750000000001
1021,7,0.78(s),Adpative_Trial(10-2),9 & 10,1,0,1,$26.850000000001
1022,7,0.73(s),Adpative_Trial(10-2),11 & 10,1,0,1,$26.950000000001
1023,7,0.643(s),Adpative_Trial(10-2),11 & 10,1,0,1,$27.050000000001
1024,7,0.851(s),Adpative_Trial(10-2),11 & 10,1,0,1,$27.150000000001
1025,7,0.812(s),Adpative_Same_Color_Trial(10-2),8 & 8,0,0,0.5,$26.900000000001
1026,7,0.94(s),Adpative_Same_Color_Trial(10-2),11 & 11,0,0,0.5,$26.650000000001
1027,7,0.795(s),Adpative_Trial(10-2),9 & 10,1,0,1,$26.750000000001
1028,7,0.819(s),Adpative_Trial(10-2),9 & 8,1,0,1,$26.850000000001
1029,7,0.859(s),Adpative_Same_Color_Trial(10-2),10 & 10,0,0,0.5,$26.600000000001
1030,7,0.923(s),Adpative_Trial(10-2),9 & 8,1,0,1,$26.700000000001
1031,7,0.802(s),Adpative_Trial(10-2),8 & 9,1,0,1,$26.800000000001
1032,7,0.668(s),Adpative_Trial(10-2),8 & 9,1,0,1,$26.900000000001
1033,7,0.836(s),Adpative_Trial(10-2),10 & 9,1,0,1,$27.000000000001
1034,7,0.612(s),Adpative_Trial(10-2),11 & 10,1,0,1,$27.100000000001
1035,7,0.659(s),Adpative_Trial(10-2),10 & 11,1,0,1,$27.200000000001
1036,7,0.852(s),Adpative_Trial(10-2),9 & 8,0,0,0,$26.950000000001
1037,7,0.636(s),Adpative_Trial(10-2),9 & 10,1,0,1,$27.050000000001
1038,7,0.788(s),Adpative_Trial(10-2),11 & 10,1,0,1,$27.150000000001
1039,7,0.603(s),Control_Test_Trial(10-2),11 & 10,1,0,1,$27.250000000001
1040,7,0.996(s),Adpative_Test_Trial(4-2),3 & 2,0,0,0,$27.000000000001
1041,3,1.234(s),Control_Same_Color_Trial(10-2),10 & 10,0,0,0.5,$26.750000000001
1042,3,0.753(s),Control_Trial(10-2),10 & 9,1,0,1,$26.850000000001
1043,3,0.898(s),Control_Same_Color_Trial(10-2),8 & 8,0,0,0.5,$26.600000000001
1044,3,0.867(s),Control_Trial(10-2),11 & 10,1,0,1,$26.700000000001
1045,3,0.666(s),Control_Trial(10-2),9 & 8,1,0,1,$26.800000000001
1046,3,0.67(s),Control_Trial(10-2),11 & 10,1,0,1,$26.900000000001
1047,3,0.555(s),Control_Same_Color_Trial(10-2),11 & 11,0,0,0.5,$26.650000000001
1048,3,0.806(s),Control_Trial(10-2),11 & 10,1,0,1,$26.750000000001
1049,3,0.692(s),Control_Trial(10-2),10 & 11,1,0,1,$26.850000000001
1050,3,0.787(s),Control_Trial(10-2),11 & 10,1,0,1,$26.950000000001
1051,3,0.778(s),Control_Trial(10-2),9 & 8,1,0,1,$27.050000000001
1052,3,0.875(s),Control_Trial(10-2),11 & 10,0,0,0,$26.800000000001
1053,3,0.723(s),Control_Trial(10-2),9 & 8,1,0,1,$26.900000000001
1054,3,0.786(s),Control_Trial(10-2),9 & 8,1,0,1,$27.000000000001
1055,3,0.666(s),Control_Trial(10-2),9 & 8,1,0,1,$27.100000000001
1056,3,0.913(s),Control_Trial(10-2),10 & 9,0,0,0,$26.850000000001
1057,3,0.666(s),Control_Trial(10-2),11 & 10,1,0,1,$26.950000000001
1058,3,0.739(s),Control_Trial(10-2),8 & 9,1,0,1,$27.050000000001
1059,3,0.963(s),Control_Same_Color_Trial(10-2),11 & 11,0,0,0.5,$26.800000000001
1060,3,0.834(s),Control_Same_Color_Trial(10-2),11 & 11,0,0,0.5,$26.550000000001
1061,3,0.65(s),Control_Same_Color_Trial(10-2),11 & 11,0,0,0.5,$26.300000000001
1062,3,0.77(s),Control_Same_Color_Trial(10-2),10 & 10,0,0,0.5,$26.050000000001
1063,3,0.882(s),Control_Trial(10-2),11 & 10,1,0,1,$26.150000000001
1064,3,0.833(s),Control_Same_Color_Trial(10-2),9 & 9,0,0,0.5,$25.900000000001
1065,3,0.707(s),Control_Trial(10-2),9 & 8,0,0,0,$25.650000000001
1066,3,0.906(s),Control_Trial(10-2),11 & 10,0,0,0,$25.400000000001
1067,3,0.945(s),Control_Trial(10-2),10 & 9,1,0,1,$25.500000000001
1068,3,0.906(s),Control_Trial(10-2),11 & 10,1,0,1,$25.600000000001
1069,3,0.915(s),Control_Trial(10-2),9 & 8,1,0,1,$25.700000000001
1070,3,0.891(s),Control_Trial(10-2),10 & 11,1,0,1,$25.800000000001
1071,3,0.898(s),Control_Trial(10-2),11 & 10,1,0,1,$25.900000000001
1072,3,0.794(s),Control_Trial(10-2),9 & 10,1,0,1,$26.000000000001
1073,3,1.083(s),Control_Trial(10-2),9 & 8,1,0,1,$26.100000000001
1074,3,0.778(s),Control_Trial(10-2),10 & 9,1,0,1,$26.200000000001
1075,3,1.033(s),Control_Trial(10-2),10 & 11,1,0,1,$26.300000000001
1076,3,0.801(s),Control_Trial(10-2),11 & 10,1,0,1,$26.400000000001
1077,3,1.082(s),Control_Trial(10-2),9 & 8,1,0,1,$26.500000000001
1078,3,0.746(s),Control_Trial(10-2),10 & 9,1,0,1,$26.600000000001
1079,3,0.896(s),Control_Same_Color_Trial(10-2),8 & 8,0,0,0.5,$26.350000000001
1080,3,0.633(s),Control_Trial(10-2),10 & 11,1,0,1,$26.450000000001
1081,3,0.802(s),Control_Trial(10-2),11 & 10,1,0,1,$26.550000000001
1082,3,0.81(s),Control_Trial(10-2),9 & 8,1,0,1,$26.650000000001
1083,3,1.147(s),Control_Trial(10-2),9 & 8,1,0,1,$26.750000000001
1084,3,0.853(s),Control_Trial(10-2),10 & 9,1,0,1,$26.850000000001
1085,3,1.146(s),Control_Trial(10-2),9 & 10,0,0,0,$26.600000000001
1086,3,0.93(s),Control_Trial(10-2),9 & 8,1,0,1,$26.700000000001
1087,3,1.499(s),Control_Trial(10-2),11 & 10,0,0,0,$26.450000000001
1088,3,1.01(s),Control_Same_Color_Trial(10-2),11 & 11,0,0,0.5,$26.200000000001
1089,3,0.866(s),Control_Trial(10-2),9 & 10,1,0,1,$26.300000000001
1090,3,0.994(s),Control_Trial(10-2),11 & 10,1,0,1,$26.400000000001
1091,3,0.731(s),Control_Test_Trial(10-2),11 & 12,1,0,1,$26.500000000001
1092,3,1.107(s),Adpative_Test_Trial(6-1),7 & 6,1,0,1,$26.600000000001
1093,2,1.002(s),Control_Trial(10-2),10 & 9,1,0,1,$26.700000000001
1094,2,1.001(s),Control_Trial(10-2),11 & 10,1,0,1,$26.800000000001
1095,2,1.298(s),Control_Trial(10-2),9 & 8,0,0,0,$26.550000000001
1096,2,1.419(s),Control_Same_Color_Trial(10-2),9 & 9,0,0,0.5,$26.300000000001
1097,2,0.93(s),Control_Trial(10-2),8 & 9,1,0,1,$26.400000000001
1098,2,0.834(s),Control_Trial(10-2),10 & 11,1,0,1,$26.500000000001
1099,2,1.233(s),Control_Same_Color_Trial(10-2),10 & 10,0,0,0.5,$26.250000000001
1100,2,0.89(s),Control_Trial(10-2),11 & 10,1,0,1,$26.350000000001
1101,2,0.842(s),Control_Trial(10-2),8 & 9,1,0,1,$26.450000000001
1102,2,0.907(s),Control_Trial(10-2),9 & 8,1,0,1,$26.550000000001
1103,2,1.084(s),Control_Trial(10-2),9 & 8,1,0,1,$26.650000000001
1104,2,0.778(s),Control_Trial(10-2),10 & 11,1,0,1,$26.750000000001
1105,2,0.754(s),Control_Same_Color_Trial(10-2),8 & 8,0,0,0.5,$26.500000000001
1106,2,1.035(s),Control_Trial(10-2),9 & 8,1,0,1,$26.600000000001
1107,2,1.058(s),Control_Trial(10-2),10 & 9,1,0,1,$26.700000000001
1108,2,0.93(s),Control_Trial(10-2),9 & 10,1,0,1,$26.800000000001
1109,2,1.546(s),Control_Trial(10-2),8 & 9,1,0,1,$26.900000000001
1110,2,1.051(s),Control_Trial(10-2),11 & 10,1,0,1,$27.000000000001
1111,2,1.002(s),Control_Same_Color_Trial(10-2),11 & 11,0,0,0.5,$26.750000000001
1112,2,0.695(s),Control_Trial(10-2),8 & 9,1,0,1,$26.850000000001
1113,2,1.09(s),Control_Trial(10-2),11 & 10,0,0,0,$26.600000000001
1114,2,0.802(s),Control_Trial(10-2),9 & 10,1,0,1,$26.700000000001
1115,2,0.755(s),Control_Same_Color_Trial(10-2),11 & 11,0,0,0.5,$26.450000000001
1116,2,0.89(s),Control_Trial(10-2),11 & 10,1,0,1,$26.550000000001
1117,2,1.099(s),Control_Trial(10-2),11 & 10,1,0,1,$26.650000000001
1118,2,1.089(s),Control_Trial(10-2),10 & 9,1,0,1,$26.750000000001
1119,2,1.099(s),Control_Same_Color_Trial(10-2),10 & 10,0,0,0.5,$26.500000000001
1120,2,1.513(s),Control_Same_Color_Trial(10-2),8 & 8,0,0,0.5,$26.250000000001
1121,2,1.01(s),Control_Trial(10-2),11 & 10,1,0,1,$26.350000000001
1122,2,1.394(s),Control_Trial(10-2),9 & 8,1,0,1,$26.450000000001
1123,2,1.097(s),Control_Trial(10-2),9 & 8,1,0,1,$26.550000000001
1124,2,0.889(s),Control_Trial(10-2),10 & 11,1,0,1,$26.650000000001
1125,2,0.601(s),Control_Trial(10-2),9 & 10,1,0,1,$26.750000000001
1126,2,0.801(s),Control_Same_Color_Trial(10-2),11 & 11,0,0,0.5,$26.500000000001
1127,2,0.69(s),Control_Same_Color_Trial(10-2),11 & 11,0,0,0.5,$26.250000000001
1128,2,0.746(s),Control_Trial(10-2),11 & 10,1,0,1,$26.350000000001
1129,2,0.634(s),Control_Trial(10-2),9 & 8,1,0,1,$26.450000000001
1130,2,0.746(s),Control_Trial(10-2),11 & 10,0,0,0,$26.200000000001
1131,2,0.601(s),Control_Trial(10-2),9 & 10,1,0,1,$26.300000000001
1132,2,0.77(s),Control_Trial(10-2),11 & 10,1,0,1,$26.400000000001
1133,2,0.722(s),Control_Trial(10-2),11 & 10,1,0,1,$26.500000000001
1134,2,0.963(s),Control_Trial(10-2),9 & 10,1,0,1,$26.600000000001
1135,2,1.042(s),Control_Trial(10-2),8 & 9,1,0,1,$26.700000000001
1136,2,0.954(s),Control_Trial(10-2),9 & 8,1,0,1,$26.800000000001
1137,2,0.786(s),Control_Trial(10-2),11 & 10,1,0,1,$26.900000000001
1138,2,0.85(s),Control_Trial(10-2),11 & 10,1,0,1,$27.000000000001
1139,2,0.848(s),Control_Trial(10-2),10 & 9,1,0,1,$27.100000000001
1140,2,0.985(s),Control_Trial(10-2),8 & 9,1,0,1,$27.200000000001
1141,2,0.864(s),Control_Same_Color_Trial(10-2),11 & 11,0,0,0.5,$26.950000000001
1142,2,1.123(s),Control_Trial(10-2),11 & 10,1,0,1,$27.050000000001
1143,2,0.73(s),Control_Test_Trial(10-2),11 & 11,0,0,0.5,$26.800000000001
1144,2,0.619(s),Adpative_Test_Trial(5-2),6 & 7,1,0,1,$26.900000000001
1145,1,0.842(s),Control_Trial(10-2),9 & 8,1,0,1,$27.000000000001
1146,1,0.69(s),Control_Trial(10-2),10 & 11,1,0,1,$27.100000000001
1147,1,0.723(s),Control_Trial(10-2),11 & 10,1,0,1,$27.200000000001
1148,1,0.706(s),Control_Trial(10-2),8 & 9,1,0,1,$27.300000000001
1149,1,0.786(s),Control_Same_Color_Trial(10-2),8 & 8,0,0,0.5,$27.050000000001
1150,1,0.642(s),Control_Trial(10-2),11 & 10,1,0,1,$27.150000000001
1151,1,0.666(s),Control_Trial(10-2),11 & 10,1,0,1,$27.250000000001
1152,1,0.907(s),Control_Same_Color_Trial(10-2),8 & 8,0,0,0.5,$27.000000000001
1153,1,0.819(s),Control_Trial(10-2),10 & 9,1,0,1,$27.100000000001
1154,1,0.682(s),Control_Same_Color_Trial(10-2),10 & 10,0,0,0.5,$26.850000000001
1155,1,0.94(s),Control_Trial(10-2),9 & 8,1,0,1,$26.950000000001
1156,1,0.675(s),Control_Same_Color_Trial(10-2),10 & 10,0,0,0.5,$26.700000000001
1157,1,0.842(s),Control_Same_Color_Trial(10-2),11 & 11,0,0,0.5,$26.450000000001
1158,1,0.802(s),Control_Trial(10-2),9 & 8,1,0,1,$26.550000000001
1159,1,0.907(s),Control_Trial(10-2),11 & 10,0,0,0,$26.300000000001
1160,1,0.883(s),Control_Same_Color_Trial(10-2),11 & 11,0,0,0.5,$26.050000000001
1161,1,0.907(s),Control_Trial(10-2),11 & 10,1,0,1,$26.150000000001
1162,1,0.995(s),Control_Trial(10-2),8 & 9,1,0,1,$26.250000000001
1163,1,1.266(s),Control_Trial(10-2),11 & 10,0,0,0,$26.000000000001
1164,1,1.209(s),Control_Trial(10-2),10 & 9,1,0,1,$26.100000000001
1165,1,0.786(s),Control_Trial(10-2),10 & 11,1,0,1,$26.200000000001
1166,1,0.953(s),Control_Same_Color_Trial(10-2),11 & 11,0,0,0.5,$25.950000000001
1167,1,1.016(s),Control_Trial(10-2),9 & 8,1,0,1,$26.050000000001
1168,1,1.338(s),Control_Same_Color_Trial(10-2),8 & 8,1,0,1,$26.150000000001
1169,1,0.827(s),Control_Trial(10-2),10 & 9,1,0,1,$26.250000000001
1170,1,0.651(s),Control_Trial(10-2),10 & 11,1,0,1,$26.350000000001
1171,1,0.826(s),Control_Trial(10-2),10 & 11,1,0,1,$26.450000000001
1172,1,1.083(s),Control_Trial(10-2),10 & 9,1,0,1,$26.550000000001
1173,1,0.755(s),Control_Trial(10-2),10 & 11,1,0,1,$26.650000000001
1174,1,0.876(s),Control_Trial(10-2),10 & 9,1,0,1,$26.750000000001
1175,1,0.842(s),Control_Same_Color_Trial(10-2),8 & 8,0,0,0.5,$26.500000000001
1176,1,0.714(s),Control_Trial(10-2),10 & 11,1,0,1,$26.600000000001
1177,1,0.794(s),Control_Trial(10-2),11 & 10,1,0,1,$26.700000000001
1178,1,0.738(s),Control_Trial(10-2),10 & 11,1,0,1,$26.800000000001
1179,1,0.899(s),Control_Trial(10-2),9 & 8,1,0,1,$26.900000000001
1180,1,1.234(s),Control_Trial(10-2),9 & 8,1,0,1,$27.000000000001
1181,1,1.266(s),Control_Trial(10-2),11 & 10,1,0,1,$27.100000000001
1182,1,0.842(s),Control_Trial(10-2),9 & 10,1,0,1,$27.200000000001
1183,1,0.835(s),Control_Trial(10-2),8 & 9,1,0,1,$27.300000000001
1184,1,1.131(s),Control_Trial(10-2),11 & 10,1,0,1,$27.400000000001
1185,1,0.746(s),Control_Trial(10-2),10 & 11,1,0,1,$27.500000000001
1186,1,1.226(s),Control_Trial(10-2),9 & 8,1,0,1,$27.600000000001
1187,1,0.985(s),Control_Trial(10-2),9 & 8,1,0,1,$27.700000000001
1188,1,0.858(s),Control_Trial(10-2),8 & 9,1,0,1,$27.800000000001
1189,1,1.011(s),Control_Same_Color_Trial(10-2),11 & 11,0,0,0.5,$27.550000000001
1190,1,0.905(s),Control_Trial(10-2),11 & 10,1,0,1,$27.650000000001
1191,1,1.099(s),Control_Trial(10-2),11 & 10,1,0,1,$27.750000000001
1192,1,1.186(s),Control_Trial(10-2),11 & 10,1,0,1,$27.850000000001
1193,1,1.185(s),Control_Trial(10-2),9 & 8,1,0,1,$27.950000000001
1194,1,0.912(s),Control_Trial(10-2),8 & 9,1,0,1,$28.050000000001
1195,1,1.361(s),Control_Test_Trial(10-2),11 & 12,1,0,1,$28.150000000001
1196,1,1.187(s),Adpative_Test_Trial(4-1),5 & 4,0,0,0,$27.900000000001
1197,8,1.026(s),Control_Same_Color_Trial(10-2),8 & 8,0,0,0.5,$27.650000000001
1198,8,0.713(s),Control_Trial(10-2),9 & 10,1,0,1,$27.750000000001
1199,8,0.923(s),Control_Trial(10-2),10 & 9,1,0,1,$27.850000000001
1200,8,0.819(s),Control_Trial(10-2),11 & 10,1,0,1,$27.950000000001
1201,8,0.689(s),Control_Trial(10-2),8 & 9,1,0,1,$28.050000000001
1202,8,0.787(s),Control_Trial(10-2),8 & 9,1,0,1,$28.150000000001
1203,8,0.874(s),Control_Same_Color_Trial(10-2),10 & 10,0,0,0.5,$27.900000000001
1204,8,0.842(s),Control_Trial(10-2),9 & 10,1,0,1,$28.000000000001
1205,8,0.825(s),Control_Trial(10-2),10 & 9,1,0,1,$28.100000000001
1206,8,0.666(s),Control_Trial(10-2),11 & 10,1,0,1,$28.200000000001
1207,8,0.641(s),Control_Same_Color_Trial(10-2),10 & 10,0,0,0.5,$27.950000000001
1208,8,0.978(s),Control_Trial(10-2),8 & 9,1,0,1,$28.050000000001
1209,8,1.003(s),Control_Trial(10-2),11 & 10,1,0,1,$28.150000000001
1210,8,1.218(s),Control_Same_Color_Trial(10-2),8 & 8,1,0,1,$28.250000000001
1211,8,1.131(s),Control_Trial(10-2),11 & 10,-1,0,0,$28.000000000001
1212,8,1.473(s),Control_Same_Color_Trial(10-2),9 & 9,1,0,1,$28.100000000001
1213,8,0.834(s),Control_Trial(10-2),11 & 10,1,0,1,$28.200000000001
1214,8,0.738(s),Control_Trial(10-2),11 & 10,1,0,1,$28.300000000001
1215,8,0.843(s),Control_Same_Color_Trial(10-2),9 & 9,0,0,0.5,$28.050000000001
1216,8,0.697(s),Control_Trial(10-2),10 & 11,1,0,1,$28.150000000001
1217,8,0.851(s),Control_Trial(10-2),9 & 8,1,0,1,$28.250000000001
1218,8,0.993(s),Control_Same_Color_Trial(10-2),11 & 11,0,0,0.5,$28.000000000001
1219,8,1.146(s),Control_Trial(10-2),11 & 10,1,0,1,$28.100000000001
1220,8,1.326(s),Control_Trial(10-2),11 & 10,-1,0,0,$27.850000000001
1221,8,1.027(s),Control_Trial(10-2),10 & 9,-1,0,0,$27.600000000001
1222,8,1.003(s),Control_Trial(10-2),11 & 10,1,0,1,$27.700000000001
1223,8,0.826(s),Control_Trial(10-2),11 & 10,1,0,1,$27.800000000001
1224,8,1.152(s),Control_Trial(10-2),9 & 8,1,0,1,$27.900000000001
1225,8,1.299(s),Control_Trial(10-2),11 & 10,0,0,0,$27.650000000001
1226,8,1.126(s),Control_Trial(10-2),8 & 9,1,0,1,$27.750000000001
1227,8,1.083(s),Control_Trial(10-2),11 & 10,1,0,1,$27.850000000001
1228,8,0.885(s),Control_Trial(10-2),10 & 9,1,0,1,$27.950000000001
1229,8,0.675(s),Control_Trial(10-2),8 & 9,1,0,1,$28.050000000001
1230,8,1.149(s),Control_Trial(10-2),11 & 10,0,0,0,$27.800000000001
1231,8,1.171(s),Control_Trial(10-2),9 & 8,1,0,1,$27.900000000001
1232,8,0.787(s),Control_Trial(10-2),8 & 9,1,0,1,$28.000000000001
1233,8,1.139(s),Control_Same_Color_Trial(10-2),10 & 10,0,0,0.5,$27.750000000001
1234,8,0.676(s),Control_Trial(10-2),10 & 11,1,0,1,$27.850000000001
1235,8,1.172(s),Control_Same_Color_Trial(10-2),11 & 11,0,0,0.5,$27.600000000001
1236,8,1.1(s),Control_Trial(10-2),8 & 9,1,0,1,$27.700000000001
1237,8,0.994(s),Control_Trial(10-2),9 & 8,0,0,0,$27.450000000001
1238,8,1.251(s),Control_Trial(10-2),11 & 10,0,0,0,$27.200000000001
1239,8,1.211(s),Control_Trial(10-2),9 & 8,1,0,1,$27.300000000001
1240,8,1.482(s),Control_Trial(10-2),9 & 8,1,0,1,$27.400000000001
1241,8,1.059(s),Control_Same_Color_Trial(10-2),11 & 11,0,0,0.5,$27.150000000001
1242,8,0.956(s),Control_Trial(10-2),10 & 9,1,0,1,$27.250000000001
1243,8,1.276(s),Control_Trial(10-2),9 & 8,0,0,0,$27.000000000001
1244,8,1.083(s),Control_Trial(10-2),11 & 10,1,0,1,$27.100000000001
1245,8,0.947(s),Control_Trial(10-2),11 & 10,-1,0,0,$26.850000000001
1246,8,0.954(s),Control_Trial(10-2),8 & 9,1,0,1,$26.950000000001
1247,8,1.022(s),Control_Test_Trial(10-2),11 & 10,1,0,1,$27.050000000001
1248,8,1.155(s),Adpative_Test_Trial(3-1),3 & 2,1,0,1,$27.150000000001

PreTest Earning,$0
Total Outcome,$27.150000000001

Accuracy in Adaptive Trials,79.83%
Accuracy in Control Trials,75.17%
Accuracy in Adaptive Test Trials,75.00%
Accuracy in Control Test Trials,87.50%
