participant.id_in_session,participant.code,participant.label,participant._is_bot,participant._index_in_pages,participant._max_page_index,participant._current_app_name,participant._current_page_name,participant.time_started,participant.visited,participant.mturk_worker_id,participant.mturk_assignment_id,participant.payoff,participant.payoff_plus_participation_fee,session.code,session.label,session.experimenter_name,session.mturk_HITId,session.mturk_HITGroupId,session.comment,session.is_demo,session.config.real_world_currency_per_point,session.config.participation_fee,tt.1.player.id_in_group,tt.1.player.treatment,tt.1.player.context,tt.1.player.random_decision,tt.1.player.random_input,tt.1.player.choice,tt.1.player.order,tt.1.player.severity,tt.1.player.reputation,tt.1.player.choice_1,tt.1.player.choice_2,tt.1.player.choice_3,tt.1.player.choice_4,tt.1.player.choice_5,tt.1.player.belief_1,tt.1.player.belief_2,tt.1.player.belief_3,tt.1.player.belief_4,tt.1.player.belief_5,tt.1.player.payoff,tt.1.group.id_in_subsession,tt.1.subsession.round_number,wordscra.1.player.id_in_group,wordscra.1.player.word1_1,wordscra.1.player.word1_2,wordscra.1.player.word1_3,wordscra.1.player.word1_4,wordscra.1.player.word1_5,wordscra.1.player.word2_1,wordscra.1.player.word2_2,wordscra.1.player.word2_3,wordscra.1.player.word3_1,wordscra.1.player.word3_2,wordscra.1.player.word3_3,wordscra.1.player.word3_4,wordscra.1.player.word3_5,wordscra.1.player.word3_6,wordscra.1.player.word4_1,wordscra.1.player.word4_2,wordscra.1.player.word4_3,wordscra.1.player.word4_4,wordscra.1.player.word4_5,wordscra.1.player.word5_1,wordscra.1.player.word5_2,wordscra.1.player.word5_3,wordscra.1.player.word5_4,wordscra.1.player.word5_5,wordscra.1.player.word6_1,wordscra.1.player.word6_2,wordscra.1.player.word6_3,wordscra.1.player.word6_4,wordscra.1.player.payoff,wordscra.1.group.id_in_subsession,wordscra.1.subsession.round_number,postexp.1.player.id_in_group,postexp.1.player.finlit_1,postexp.1.player.finlit_2,postexp.1.player.finlit_3,postexp.1.player.finlit_4,postexp.1.player.finlit_5,postexp.1.player.risk_aversion1,postexp.1.player.risk_aversion2,postexp.1.player.pref1_1,postexp.1.player.pref1_2,postexp.1.player.pref1_3,postexp.1.player.pref1_4,postexp.1.player.pref2_1,postexp.1.player.pref2_2,postexp.1.player.pref2_3,postexp.1.player.crt4,postexp.1.player.crt5,postexp.1.player.crt6,postexp.1.player.crt7,postexp.1.player.age,postexp.1.player.female,postexp.1.player.income,postexp.1.player.education,postexp.1.player.jobfunction,postexp.1.player.jobfunctiongp,postexp.1.player.investment,postexp.1.player.whichinvestment,postexp.1.player.finnews,postexp.1.player.comments,postexp.1.player.matrikelnr,postexp.1.player.rate,postexp.1.player.random_code,postexp.1.player.payoff,postexp.1.group.id_in_subsession,postexp.1.subsession.round_number
1,2o6duzqn,,0,1,12,tt,Instructions,2020-01-14 13:55:31.220166+00:00,1,,,0,0,9d565pyp,,,,,,0,1,0,1,su_ha_abs,neutral,3,choice_3,,,,,,,,,,,,,,,0,1,1,1,,,,,,,,,,,,,,,,,,,,,,,,,,,,,0,1,1,1,,,,,,,,,,,,,,,,,,,,,,,,,,,,,,,,0,1,1
2,2ngrutrx,,0,1,12,tt,Instructions,2020-01-14 13:56:24.180180+00:00,1,,,0,0,9d565pyp,,,,,,0,1,0,2,su_ha_abs,financial,1,choice_1,,,,,,,,,,,,,,,0,1,1,2,,,,,,,,,,,,,,,,,,,,,,,,,,,,,0,1,1,2,,,,,,,,,,,,,,,,,,,,,,,,,,,,,,,,0,1,1
3,bmm9qbd2,,0,12,12,postexp,Results,2020-01-14 13:58:50.985172+00:00,1,,,5,5,9d565pyp,,,,,,0,1,0,3,su_ha_abs,abstract,3,choice_3,1,0,6,2,1,1,1,1,0,1,1,1,12,85,5,1,1,3,c,l,o,c,k,c,a,t,c,o,o,k,e,r,h,o,n,e,y,T,h,a,n,k,B,i,n,d,0,1,1,3,,,,,,5,,5,2,4,5,4,2,1,,,,,22,0,,3,,,0,,0,,11829210,3,2967v,0,1,1
4,06zz9xxu,,0,12,12,postexp,Results,2020-01-14 14:04:40.364479+00:00,1,,,5,5,9d565pyp,,,,,,0,1,0,4,su_ha_abs,abstract,2,choice_2,1,1,1,1,1,1,1,1,1,95,85,80,70,50,5,1,1,4,c,l,o,c,k,h,a,t,f,a,o,k,e,r,h,o,n,e,y,T,h,a,n,-,B,a,n,d,0,1,1,4,,,,,,6,,5,3,3,6,6,1,5,,,,,24,0,,4,,,1,,1,,108833505,3,5260m,0,1,1
5,frlre7gp,,0,12,12,postexp,Results,2020-01-14 14:09:21.689433+00:00,1,,,5,5,9d565pyp,,,,,,0,1,0,5,su_ha_abs,abstract,4,choice_4,1,1,5,2,1,1,1,1,1,65,66,76,89,98,5,1,1,5,c,l,o,c,k,h,a,t,c,o,o,k,e,r,h,o,n,e,y,T,h,i,n,g,B,i,n,d,0,1,1,5,,,,,,4,,3,5,4,6,7,5,2,,,,,23,0,,3,,,0,,1,,1603491,4,3499A,0,1,1
6,p7fd4oeh,,0,12,12,postexp,Results,2020-01-14 14:16:26.563667+00:00,1,,,4,4,9d565pyp,,,,,,0,1,0,6,su_ha_abs,abstract,4,choice_4,0,0,5,3,1,1,1,0,0,96,80,67,53,50,4,1,1,6,c,l,o,c,k,c,a,t,b,r,o,k,e,r,m,o,n,e,y,T,h,i,n,g,B,o,n,d,0,1,1,6,,,,,,5,,4,7,5,4,7,7,4,,,,,25,0,,4,,,0,,1,,1430373,4,1177Q,0,1,1
7,lwgwns8r,,0,12,12,postexp,Results,2020-01-14 14:22:24.848573+00:00,1,,,5,5,9d565pyp,,,,,,0,1,0,7,su_ha_abs,abstract,3,choice_3,1,0,4,4,1,1,1,1,1,50,50,50,50,50,5,1,1,7,N,E,o,c,k,e,a,t,C,O,o,k,e,r,K,o,n,e,y,T,h,O,n,E,B,F,n,d,0,1,1,7,,,,,,5,,6,4,5,3,6,4,3,,,,,2222,1,,3,,,1,,1,,11777855,5,2105G,0,1,1
8,i52ry4js,,0,12,12,postexp,Results,2020-01-14 14:48:50.761245+00:00,1,,,5,5,9d565pyp,,,,,,0,1,0,8,su_ha_abs,abstract,3,choice_3,1,0,2,4,1,1,1,0,0,90,70,60,90,100,5,1,1,8,C,l,o,c,k,H,a,t,B,r,o,k,e,r,M,o,n,e,y,T,h,i,n,g,B,a,n,d,0,1,1,8,,,,,,4,,6,3,3,6,6,3,1,,,,,26,0,,4,,,1,Funds,3,,123456,3,1886K,0,1,1
9,psrxv2w2,,0,12,12,postexp,Results,2020-01-14 14:57:13.561714+00:00,1,,,3,3,9d565pyp,,,,,,0,1,0,9,su_ha_abs,abstract,3,choice_3,0,1,5,2,1,1,0,0,0,98,85,50,20,3,3,1,1,9,c,l,o,c,k,h,a,t,h,o,o,k,e,r,m,o,n,e,y,T,h,i,n,k,B,a,n,d,0,1,1,9,,,,,,2,,3,4,3,6,7,2,4,,,,,21,1,,3,,,0,,1,,51854587,5,5211a,0,1,1
10,os2ct0yz,,0,1,12,tt,Instructions,2020-01-14 15:12:29.587496+00:00,1,,,0,0,9d565pyp,,,,,,0,1,0,10,su_ha_abs,abstract,4,choice_4,,,,,,,,,,,,,,,0,1,1,10,,,,,,,,,,,,,,,,,,,,,,,,,,,,,0,1,1,10,,,,,,,,,,,,,,,,,,,,,,,,,,,,,,,,0,1,1
11,y24ar9yb,,0,12,12,postexp,Results,2020-01-14 15:21:49.959234+00:00,1,,,4,4,9d565pyp,,,,,,0,1,0,11,su_ha_abs,abstract,4,choice_4,0,1,6,6,1,1,0,0,0,90,90,75,5,5,4,1,1,11,c,l,o,c,k,c,a,t,c,h,o,k,e,r,h,o,n,e,y,T,h,i,n,k,B,a,n,d,0,1,1,11,,,,,,6,,6,4,5,6,7,3,7,,,,,23,1,,4,,,0,,0,,1519287,3,4358N,0,1,1
12,4ceqgiio,,0,12,12,postexp,Results,2020-01-14 15:36:26.893289+00:00,1,,,5,5,9d565pyp,,,,,,0,1,0,12,su_ha_abs,abstract,3,choice_3,1,1,2,2,1,1,1,1,0,100,100,95,90,70,5,1,1,12,c,l,o,c,k,c,a,t,s,m,o,k,e,r,m,o,n,e,y,T,h,a,n,k,B,o,n,d,0,1,1,12,,,,,,5,,5,3,2,5,5,3,2,,,,,23,0,,4,,,1,ETF,3,,1516742,3,2587c,0,1,1
13,ogui6zai,,0,12,12,postexp,Results,2020-01-14 16:19:27.089009+00:00,1,,,5,5,9d565pyp,,,,,,0,1,0,13,su_ha_abs,abstract,2,choice_2,1,0,1,1,1,1,1,1,0,90,90,90,80,20,5,1,1,13,c,l,o,c,k,s,a,t,h,o,o,k,e,r,h,o,n,e,y,T,h,a,n,k,B,a,n,d,0,1,1,13,,,,,,3,,6,4,4,5,7,3,2,,,,,21,1,,3,,,1,,3,,11835289,4,7935z,0,1,1
14,kuh1kby7,,0,12,12,postexp,Results,2020-01-14 16:19:30.903288+00:00,1,,,5,5,9d565pyp,,,,,,0,1,0,14,su_ha_abs,abstract,4,choice_4,1,1,2,1,1,1,1,1,0,100,100,95,80,0,5,1,1,14,c,l,o,c,k,c,a,t,s,m,o,k,e,r,m,o,n,e,y,T,h,o,n,e,B,a,n,d,0,1,1,14,,,,,,5,,6,3,2,3,5,2,1,,,,,25,0,,4,,,1,ETF,3,,1316240,5,4524w,0,1,1
15,p3eaprpc,,0,12,12,postexp,Results,2020-01-14 16:50:18.619746+00:00,1,,,5,5,9d565pyp,,,,,,0,1,0,15,su_ha_abs,abstract,1,choice_1,1,1,4,4,1,1,1,1,0,100,100,100,100,50,5,1,1,15,C,l,o,c,k,C,a,t,S,m,o,k,e,r,M,o,n,e,y,T,h,i,n,k,B,a,n,d,0,1,1,15,,,,,,2,,2,2,4,5,6,3,3,,,,,21,0,,3,,,0,,1,,1810494056,3,8776v,0,1,1
16,5ob0i1s2,,0,12,12,postexp,Results,2020-01-14 16:54:40.175750+00:00,1,,,5,5,9d565pyp,,,,,,0,1,0,16,su_ha_abs,abstract,1,choice_1,1,0,5,4,1,1,1,1,1,100,100,100,99,50,5,1,1,16,c,l,o,c,k,c,a,t,s,t,o,k,e,r,m,o,n,e,y,T,h,i,n,k,B,a,n,d,0,1,1,16,,,,,,5,,4,5,6,7,6,4,3,,,,,20,1,,3,,,0,,1,,11822099,4,9981M,0,1,1
17,631pi8ea,,0,12,12,postexp,Results,2020-01-14 19:07:47.763827+00:00,1,,,5,5,9d565pyp,,,,,,0,1,0,17,su_ha_abs,abstract,4,choice_4,1,1,2,5,1,1,1,1,1,100,100,100,100,90,5,1,1,17,c,l,o,c,k,h,a,t,b,r,o,k,e,r,h,o,n,e,y,T,h,i,n,k,B,a,n,d,0,1,1,17,,,,,,5,,6,2,3,7,7,2,5,,,,,23,1,,4,,,0,,1,The concept of the experiment was good.   The only thing I missed was the opportunity to revisit the page with the instructions once you were at the five questions.,1627132,4,4735O,0,1,1
18,m8tg1sp7,,0,12,12,postexp,Results,2020-01-15 06:53:26.437994+00:00,1,,,5,5,9d565pyp,,,,,,0,1,0,18,su_ha_abs,abstract,2,choice_2,1,1,1,1,1,1,1,1,1,60,60,60,75,50,5,1,1,18,c,l,o,c,k,b,a,t,c,h,o,k,e,r,h,o,n,e,y,T,h,i,n,g,B,a,n,d,0,1,1,18,,,,,,4,,7,4,6,5,6,2,4,,,,,25,0,,3,,,0,,2,,1651241,5,4921R,0,1,1
19,mpww8gcy,,0,12,12,postexp,Results,2020-01-15 07:11:41.736829+00:00,1,,,5,5,9d565pyp,,,,,,0,1,0,19,su_ha_abs,abstract,2,choice_2,1,0,5,2,1,1,0,0,0,70,60,45,30,10,5,1,1,19,c,l,o,c,k,h,a,t,b,r,o,k,e,r,h,o,n,e,y,T,h,i,n,k,B,a,n,d,0,1,1,19,,,,,,6,,6,2,2,7,6,2,1,,,,,22,1,,3,,,0,,1,,11821950,4,5841R,0,1,1
20,kkd05lcx,,0,12,12,postexp,Results,2020-01-15 07:49:10.991333+00:00,1,,,5,5,9d565pyp,,,,,,0,1,0,20,su_ha_abs,abstract,1,choice_1,1,0,6,5,1,1,1,1,1,100,100,100,100,50,5,1,1,20,S,t,o,c,k,C,a,t,B,r,o,k,e,r,M,o,n,e,y,T,h,a,n,k,B,o,n,d,0,1,1,20,,,,,,6,,6,2,2,6,6,2,4,,,,,23,0,,4,,,0,,3,,51817150,4,6506b,0,1,1
21,x85ralip,,0,12,12,postexp,Results,2020-01-15 07:57:19.444613+00:00,1,,,5,5,9d565pyp,,,,,,0,1,0,21,su_ha_abs,abstract,1,choice_1,1,0,7,1,1,1,1,1,1,95,85,79,90,100,5,1,1,21,c,l,o,c,k,r,a,t,c,o,o,k,e,r,h,o,n,e,y,T,h,i,n,k,B,a,n,d,0,1,1,21,,,,,,4,,4,2,5,7,7,2,4,,,,,20,1,,3,,,0,,0,,11838755,5,3620M,0,1,1
22,5b79eb80,,0,1,12,tt,Instructions,2020-01-15 08:00:03.850580+00:00,1,,,0,0,9d565pyp,,,,,,0,1,0,22,su_ha_abs,abstract,1,choice_1,,,,,,,,,,,,,,,0,1,1,22,,,,,,,,,,,,,,,,,,,,,,,,,,,,,0,1,1,22,,,,,,,,,,,,,,,,,,,,,,,,,,,,,,,,0,1,1
23,5q91orne,,0,12,12,postexp,Results,2020-01-15 08:08:43.587143+00:00,1,,,5,5,9d565pyp,,,,,,0,1,0,23,su_ha_abs,abstract,1,choice_1,1,0,3,4,1,1,1,1,0,100,100,100,90,50,5,1,1,23,c,l,o,c,k,c,a,t,c,h,o,k,e,r,m,o,n,e,y,T,h,i,n,e,B,o,n,d,0,1,1,23,,,,,,3,,4,2,4,7,7,1,3,,,,,19,1,,3,,,0,,0,,11822025,4,2731e,0,1,1
24,leegx5hz,,0,12,12,postexp,Results,2020-01-15 09:35:41.053862+00:00,1,,,5,5,9d565pyp,,,,,,0,1,0,24,su_ha_abs,abstract,2,choice_2,1,0,3,5,1,1,0,0,0,100,95,80,30,0,5,1,1,24,c,l,o,c,k,h,a,t,c,o,o,k,e,r,m,o,n,e,y,T,h,a,n,k,B,a,n,d,0,1,1,24,,,,,,5,,6,2,5,6,6,2,6,,,,,24,1,,4,,,1,funds,1,,1418915,3,3734U,0,1,1
25,fdua6px5,,0,12,12,postexp,Results,2020-01-15 10:58:14.930496+00:00,1,,,5,5,9d565pyp,,,,,,0,1,0,25,su_ha_abs,abstract,1,choice_1,1,0,5,4,1,0,1,0,1,89,78,62,39,12,5,1,1,25,a,c,o,c,k,e,a,t,c,o,o,k,e,r,h,o,n,e,y,T,h,i,n,k,B,a,n,d,0,1,1,25,,,,,,4,,5,2,3,5,5,5,6,,,,,25,1,,3,,,1,,1,,1517517,3,5628n,0,1,1
26,llq0lov3,,0,12,12,postexp,Results,2020-01-15 11:49:52.265645+00:00,1,,,5,5,9d565pyp,,,,,,0,1,0,26,su_ha_abs,abstract,2,choice_2,1,0,2,1,1,1,1,1,1,100,100,100,100,80,5,1,1,26,c,l,o,c,k,h,a,t,b,r,o,k,e,r,m,o,n,e,y,T,h,i,n,k,B,o,n,d,0,1,1,26,,,,,,5,,6,1,2,5,6,1,3,,,,,29,1,,4,,,0,,2,,1515361,3,4237G,0,1,1
27,7iiw1ru0,,0,12,12,postexp,Results,2020-01-15 13:28:14.021091+00:00,1,,,5,5,9d565pyp,,,,,,0,1,0,27,su_ha_abs,abstract,2,choice_2,1,0,1,1,1,1,1,1,0,99,95,80,75,10,5,1,1,27,c,l,o,c,k,f,a,t,b,r,o,k,e,r,h,o,n,e,y,T,h,a,n,k,B,o,n,d,0,1,1,27,,,,,,6,,7,5,4,7,7,1,1,,,,,23,0,,3,,,1,Fonds,4,,1649235,2,9884t,0,1,1
28,ky27zxvk,,0,12,12,postexp,Results,2020-01-15 20:52:39.856742+00:00,1,,,5,5,9d565pyp,,,,,,0,1,0,28,su_ha_abs,abstract,3,choice_3,1,1,4,4,1,1,1,0,0,98,95,80,35,2,5,1,1,28,c,l,o,c,k,c,a,t,h,o,o,k,e,r,m,o,n,e,y,T,h,i,n,k,B,a,n,d,0,1,1,28,,,,,,6,,6,3,5,7,5,3,5,,,,,23,0,,4,,,1,"stocks, fonds, bitcoin",3,,11836119,5,6024s,0,1,1
29,8f4ryx3x,,0,12,12,postexp,Results,2020-01-16 08:23:25.661319+00:00,1,,,5,5,9d565pyp,,,,,,0,1,0,29,su_ha_abs,abstract,1,choice_1,1,0,2,5,1,1,1,0,0,90,88,80,40,10,5,1,1,29,c,l,o,c,k,c,a,t,b,r,o,k,e,r,m,o,n,e,y,T,h,i,n,k,B,a,n,d,0,1,1,29,,,,,,2,,4,1,5,6,6,1,5,,,,,23,1,,4,,,0,,1,,1518017,5,8532Q,0,1,1
30,x0ns6g7n,,0,0,12,,,,0,,,0,0,9d565pyp,,,,,,0,1,0,30,su_ha_abs,abstract,1,choice_1,,,,,,,,,,,,,,,0,1,1,30,,,,,,,,,,,,,,,,,,,,,,,,,,,,,0,1,1,30,,,,,,,,,,,,,,,,,,,,,,,,,,,,,,,,0,1,1
31,7bgwmddd,,0,0,12,,,,0,,,0,0,9d565pyp,,,,,,0,1,0,31,su_ha_abs,abstract,3,choice_3,,,,,,,,,,,,,,,0,1,1,31,,,,,,,,,,,,,,,,,,,,,,,,,,,,,0,1,1,31,,,,,,,,,,,,,,,,,,,,,,,,,,,,,,,,0,1,1
32,csaa8v7n,,0,0,12,,,,0,,,0,0,9d565pyp,,,,,,0,1,0,32,su_ha_abs,abstract,2,choice_2,,,,,,,,,,,,,,,0,1,1,32,,,,,,,,,,,,,,,,,,,,,,,,,,,,,0,1,1,32,,,,,,,,,,,,,,,,,,,,,,,,,,,,,,,,0,1,1
33,asp69rvw,,0,0,12,,,,0,,,0,0,9d565pyp,,,,,,0,1,0,33,su_ha_abs,abstract,4,choice_4,,,,,,,,,,,,,,,0,1,1,33,,,,,,,,,,,,,,,,,,,,,,,,,,,,,0,1,1,33,,,,,,,,,,,,,,,,,,,,,,,,,,,,,,,,0,1,1
34,x0vx2tef,,0,0,12,,,,0,,,0,0,9d565pyp,,,,,,0,1,0,34,su_ha_abs,abstract,1,choice_1,,,,,,,,,,,,,,,0,1,1,34,,,,,,,,,,,,,,,,,,,,,,,,,,,,,0,1,1,34,,,,,,,,,,,,,,,,,,,,,,,,,,,,,,,,0,1,1
35,kvkr6q9m,,0,0,12,,,,0,,,0,0,9d565pyp,,,,,,0,1,0,35,su_ha_abs,abstract,1,choice_1,,,,,,,,,,,,,,,0,1,1,35,,,,,,,,,,,,,,,,,,,,,,,,,,,,,0,1,1,35,,,,,,,,,,,,,,,,,,,,,,,,,,,,,,,,0,1,1
36,bv9wolhp,,0,0,12,,,,0,,,0,0,9d565pyp,,,,,,0,1,0,36,su_ha_abs,abstract,3,choice_3,,,,,,,,,,,,,,,0,1,1,36,,,,,,,,,,,,,,,,,,,,,,,,,,,,,0,1,1,36,,,,,,,,,,,,,,,,,,,,,,,,,,,,,,,,0,1,1
37,tmyc8ave,,0,0,12,,,,0,,,0,0,9d565pyp,,,,,,0,1,0,37,su_ha_abs,abstract,1,choice_1,,,,,,,,,,,,,,,0,1,1,37,,,,,,,,,,,,,,,,,,,,,,,,,,,,,0,1,1,37,,,,,,,,,,,,,,,,,,,,,,,,,,,,,,,,0,1,1
38,dbvrsqa2,,0,0,12,,,,0,,,0,0,9d565pyp,,,,,,0,1,0,38,su_ha_abs,abstract,1,choice_1,,,,,,,,,,,,,,,0,1,1,38,,,,,,,,,,,,,,,,,,,,,,,,,,,,,0,1,1,38,,,,,,,,,,,,,,,,,,,,,,,,,,,,,,,,0,1,1
39,5hrdleai,,0,0,12,,,,0,,,0,0,9d565pyp,,,,,,0,1,0,39,su_ha_abs,abstract,3,choice_3,,,,,,,,,,,,,,,0,1,1,39,,,,,,,,,,,,,,,,,,,,,,,,,,,,,0,1,1,39,,,,,,,,,,,,,,,,,,,,,,,,,,,,,,,,0,1,1
40,4vzseovb,,0,0,12,,,,0,,,0,0,9d565pyp,,,,,,0,1,0,40,su_ha_abs,abstract,3,choice_3,,,,,,,,,,,,,,,0,1,1,40,,,,,,,,,,,,,,,,,,,,,,,,,,,,,0,1,1,40,,,,,,,,,,,,,,,,,,,,,,,,,,,,,,,,0,1,1
41,j1j47e06,,0,0,12,,,,0,,,0,0,9d565pyp,,,,,,0,1,0,41,su_ha_abs,abstract,3,choice_3,,,,,,,,,,,,,,,0,1,1,41,,,,,,,,,,,,,,,,,,,,,,,,,,,,,0,1,1,41,,,,,,,,,,,,,,,,,,,,,,,,,,,,,,,,0,1,1
42,sbav3437,,0,0,12,,,,0,,,0,0,9d565pyp,,,,,,0,1,0,42,su_ha_abs,abstract,2,choice_2,,,,,,,,,,,,,,,0,1,1,42,,,,,,,,,,,,,,,,,,,,,,,,,,,,,0,1,1,42,,,,,,,,,,,,,,,,,,,,,,,,,,,,,,,,0,1,1
43,yzcc0qbz,,0,0,12,,,,0,,,0,0,9d565pyp,,,,,,0,1,0,43,su_ha_abs,abstract,3,choice_3,,,,,,,,,,,,,,,0,1,1,43,,,,,,,,,,,,,,,,,,,,,,,,,,,,,0,1,1,43,,,,,,,,,,,,,,,,,,,,,,,,,,,,,,,,0,1,1
44,arrpunid,,0,0,12,,,,0,,,0,0,9d565pyp,,,,,,0,1,0,44,su_ha_abs,abstract,4,choice_4,,,,,,,,,,,,,,,0,1,1,44,,,,,,,,,,,,,,,,,,,,,,,,,,,,,0,1,1,44,,,,,,,,,,,,,,,,,,,,,,,,,,,,,,,,0,1,1
45,0dn5rt0w,,0,0,12,,,,0,,,0,0,9d565pyp,,,,,,0,1,0,45,su_ha_abs,abstract,2,choice_2,,,,,,,,,,,,,,,0,1,1,45,,,,,,,,,,,,,,,,,,,,,,,,,,,,,0,1,1,45,,,,,,,,,,,,,,,,,,,,,,,,,,,,,,,,0,1,1
46,iryupd0e,,0,0,12,,,,0,,,0,0,9d565pyp,,,,,,0,1,0,46,su_ha_abs,abstract,1,choice_1,,,,,,,,,,,,,,,0,1,1,46,,,,,,,,,,,,,,,,,,,,,,,,,,,,,0,1,1,46,,,,,,,,,,,,,,,,,,,,,,,,,,,,,,,,0,1,1
47,3mbdkn1c,,0,0,12,,,,0,,,0,0,9d565pyp,,,,,,0,1,0,47,su_ha_abs,abstract,1,choice_1,,,,,,,,,,,,,,,0,1,1,47,,,,,,,,,,,,,,,,,,,,,,,,,,,,,0,1,1,47,,,,,,,,,,,,,,,,,,,,,,,,,,,,,,,,0,1,1
48,krc79u18,,0,0,12,,,,0,,,0,0,9d565pyp,,,,,,0,1,0,48,su_ha_abs,abstract,3,choice_3,,,,,,,,,,,,,,,0,1,1,48,,,,,,,,,,,,,,,,,,,,,,,,,,,,,0,1,1,48,,,,,,,,,,,,,,,,,,,,,,,,,,,,,,,,0,1,1
49,1hna5w2x,,0,0,12,,,,0,,,0,0,9d565pyp,,,,,,0,1,0,49,su_ha_abs,abstract,1,choice_1,,,,,,,,,,,,,,,0,1,1,49,,,,,,,,,,,,,,,,,,,,,,,,,,,,,0,1,1,49,,,,,,,,,,,,,,,,,,,,,,,,,,,,,,,,0,1,1
50,nsl0wt33,,0,0,12,,,,0,,,0,0,9d565pyp,,,,,,0,1,0,50,su_ha_abs,abstract,4,choice_4,,,,,,,,,,,,,,,0,1,1,50,,,,,,,,,,,,,,,,,,,,,,,,,,,,,0,1,1,50,,,,,,,,,,,,,,,,,,,,,,,,,,,,,,,,0,1,1
