participant.id_in_session,participant.code,participant.label,participant._is_bot,participant._index_in_pages,participant._max_page_index,participant._current_app_name,participant._current_page_name,participant.time_started,participant.visited,participant.mturk_worker_id,participant.mturk_assignment_id,participant.payoff,participant.payoff_plus_participation_fee,session.code,session.label,session.experimenter_name,session.mturk_HITId,session.mturk_HITGroupId,session.comment,session.is_demo,session.config.participation_fee,session.config.real_world_currency_per_point,tt.1.player.id_in_group,tt.1.player.treatment,tt.1.player.context,tt.1.player.random_decision,tt.1.player.random_input,tt.1.player.choice,tt.1.player.order,tt.1.player.severity,tt.1.player.reputation,tt.1.player.choice_1,tt.1.player.choice_2,tt.1.player.choice_3,tt.1.player.choice_4,tt.1.player.choice_5,tt.1.player.belief_1,tt.1.player.belief_2,tt.1.player.belief_3,tt.1.player.belief_4,tt.1.player.belief_5,tt.1.player.payoff,tt.1.group.id_in_subsession,tt.1.subsession.round_number,wordscra.1.player.id_in_group,wordscra.1.player.word1_1,wordscra.1.player.word1_2,wordscra.1.player.word1_3,wordscra.1.player.word1_4,wordscra.1.player.word1_5,wordscra.1.player.word2_1,wordscra.1.player.word2_2,wordscra.1.player.word2_3,wordscra.1.player.word3_1,wordscra.1.player.word3_2,wordscra.1.player.word3_3,wordscra.1.player.word3_4,wordscra.1.player.word3_5,wordscra.1.player.word3_6,wordscra.1.player.word4_1,wordscra.1.player.word4_2,wordscra.1.player.word4_3,wordscra.1.player.word4_4,wordscra.1.player.word4_5,wordscra.1.player.word5_1,wordscra.1.player.word5_2,wordscra.1.player.word5_3,wordscra.1.player.word5_4,wordscra.1.player.word5_5,wordscra.1.player.word6_1,wordscra.1.player.word6_2,wordscra.1.player.word6_3,wordscra.1.player.word6_4,wordscra.1.player.payoff,wordscra.1.group.id_in_subsession,wordscra.1.subsession.round_number,postexp.1.player.id_in_group,postexp.1.player.finlit_1,postexp.1.player.finlit_2,postexp.1.player.finlit_3,postexp.1.player.finlit_4,postexp.1.player.finlit_5,postexp.1.player.risk_aversion1,postexp.1.player.risk_aversion2,postexp.1.player.pref1_1,postexp.1.player.pref1_2,postexp.1.player.pref1_3,postexp.1.player.pref1_4,postexp.1.player.pref2_1,postexp.1.player.pref2_2,postexp.1.player.pref2_3,postexp.1.player.crt4,postexp.1.player.crt5,postexp.1.player.crt6,postexp.1.player.crt7,postexp.1.player.age,postexp.1.player.female,postexp.1.player.income,postexp.1.player.education,postexp.1.player.jobfunction,postexp.1.player.jobfunctiongp,postexp.1.player.investment,postexp.1.player.whichinvestment,postexp.1.player.finnews,postexp.1.player.comments,postexp.1.player.matrikelnr,postexp.1.player.rate,postexp.1.player.random_code,postexp.1.player.payoff,postexp.1.group.id_in_subsession,postexp.1.subsession.round_number
1,tozeo3nz,,0,1,12,tt,Instructions,2020-01-14 13:54:22.190065+00:00,1,,,0,0,s1pa9lws,,,,,,0,0,1,1,su_ha_neu,neutral,2,choice_2,,,,,,,,,,,,,,,0,1,1,1,,,,,,,,,,,,,,,,,,,,,,,,,,,,,0,1,1,1,,,,,,,,,,,,,,,,,,,,,,,,,,,,,,,,0,1,1
2,opzj5se4,,0,12,12,postexp,Results,2020-01-14 14:07:03.327137+00:00,1,,,5,5,s1pa9lws,,,,,,0,0,1,2,su_ha_neu,financial,1,choice_1,1,0,6,5,1,0,0,0,0,95,90,75,45,0,5,1,1,2,S,t,o,c,k,C,a,t,C,o,o,k,e,r,M,o,n,e,y,T,h,i,n,k,B,a,n,d,0,1,1,2,,,,,,4,,6,1,7,7,7,1,5,,,,,19,1,,4,,,0,,2,"I think the experiment was very good. I am actually a person who hates lying, because of the consequences for example. But in the situation (with the amount of money) I started to think differently. I thought that if I would lie to him one time, he surely will not notice. But that is what's not good at all. I even felt bad, when I ticked my answer. Crazy.   I did the experiment totally in the way I would act but right now I am asking myself, if people are ticking their answers on how they would react and how they are, or just how a very good person would do it?     Thank you very much and please ignore my grammar mistakes in these sentences. :)",11816148,5,4116y,0,1,1
3,gvdupmtf,,0,12,12,postexp,Results,2020-01-14 14:30:00.441436+00:00,1,,,5,5,s1pa9lws,,,,,,0,0,1,3,su_ha_neu,abstract,1,choice_1,1,0,2,4,1,1,1,1,0,100,100,100,95,20,5,1,1,3,b,l,o,c,k,h,a,t,c,h,o,k,e,r,h,o,n,e,y,T,h,i,n,k,B,o,n,d,0,1,1,3,,,,,,5,,2,6,4,5,6,5,2,,,,,21,0,,3,,,0,,1,,11835078,5,4073X,0,1,1
4,3xzg8dac,,0,1,12,tt,Instructions,2020-01-14 14:40:54.128124+00:00,1,,,0,0,s1pa9lws,,,,,,0,0,1,4,su_ha_neu,abstract,4,choice_4,,,,,,,,,,,,,,,0,1,1,4,,,,,,,,,,,,,,,,,,,,,,,,,,,,,0,1,1,4,,,,,,,,,,,,,,,,,,,,,,,,,,,,,,,,0,1,1
5,uvscwc1y,,0,12,12,postexp,Results,2020-01-14 14:43:07.017383+00:00,1,,,4,4,s1pa9lws,,,,,,0,0,1,5,su_ha_neu,abstract,4,choice_4,0,0,6,6,1,1,0,0,0,95,95,90,90,5,4,1,1,5,f,l,o,c,k,m,a,t,s,m,o,k,e,r,h,o,n,e,y,T,h,i,n,s,B,e,n,d,0,1,1,5,,,,,,6,,7,6,6,6,7,6,4,,,,,22,1,,4,,,0,,3,,1607017,5,9827o,0,1,1
6,rr7ovkzc,,0,12,12,postexp,Results,2020-01-14 14:54:04.746986+00:00,1,,,5,5,s1pa9lws,,,,,,0,0,1,6,su_ha_neu,abstract,3,choice_3,1,0,5,3,1,1,1,1,0,100,100,100,95,50,5,1,1,6,c,l,o,c,k,c,a,t,b,r,o,k,e,r,m,o,n,e,y,T,h,a,n,k,B,o,n,d,0,1,1,6,,,,,,4,,5,4,4,6,6,4,2,,,,,33,1,,4,,,0,,2,,416165,5,3341e,0,1,1
7,kzsy4l5e,,0,1,12,tt,Instructions,2020-01-14 14:55:34.216197+00:00,1,,,0,0,s1pa9lws,,,,,,0,0,1,7,su_ha_neu,abstract,4,choice_4,,,,,,,,,,,,,,,0,1,1,7,,,,,,,,,,,,,,,,,,,,,,,,,,,,,0,1,1,7,,,,,,,,,,,,,,,,,,,,,,,,,,,,,,,,0,1,1
8,fpxg8x4p,,0,12,12,postexp,Results,2020-01-14 15:46:40.970334+00:00,1,,,5,5,s1pa9lws,,,,,,0,0,1,8,su_ha_neu,abstract,3,choice_3,1,0,1,1,1,1,1,1,0,100,95,90,80,10,5,1,1,8,C,L,o,c,k,C,a,t,s,t,o,k,e,r,H,o,n,e,y,T,h,i,n,y,B,o,n,d,0,1,1,8,,,,,,2,,6,4,4,5,6,2,4,,,,,24,1,,4,,,1,,0,,1637490,2,4415l,0,1,1
9,hqt49vja,,0,12,12,postexp,Results,2020-01-14 16:18:27.913255+00:00,1,,,5,5,s1pa9lws,,,,,,0,0,1,9,su_ha_neu,abstract,4,choice_4,1,1,7,1,1,1,1,1,0,5,5,20,30,0,5,1,1,9,C,l,o,c,k,C,a,t,S,t,o,k,e,r,H,o,n,e,y,T,h,i,n,k,B,a,n,d,0,1,1,9,,,,,,7,,5,7,7,1,7,7,1,,,,,27,0,,4,,,1,,3,If you ask about expecting a benefit for doing something good everyone is expecting a benefit. The expectations just vary and can be extrinsic and intrinsic.,51815627,4,9103w,0,1,1
10,eynq1y0w,,0,12,12,postexp,Results,2020-01-14 18:21:46.394216+00:00,1,,,5,5,s1pa9lws,,,,,,0,0,1,10,su_ha_neu,abstract,1,choice_1,1,1,1,1,1,1,1,1,1,90,90,95,100,100,5,1,1,10,f,r,o,c,k,C,a,t,l,o,o,k,e,r,H,o,n,e,y,T,h,a,n,e,B,o,n,d,0,1,1,10,,,,,,4,,6,2,5,6,6,2,6,,,,,23,0,,4,,,0,,1,,1614013,3,4499H,0,1,1
11,rudpup14,,0,12,12,postexp,Results,2020-01-14 20:53:44.863881+00:00,1,,,5,5,s1pa9lws,,,,,,0,0,1,11,su_ha_neu,abstract,3,choice_3,1,1,5,6,1,1,1,1,0,97,95,90,90,3,5,1,1,11,c,l,o,c,k,h,a,t,s,m,o,k,e,r,h,o,n,e,y,T,h,i,n,k,B,a,n,d,0,1,1,11,,,,,,4,,6,5,5,3,6,4,2,,,,,26,1,,4,,,0,,1,,1217788,4,4536r,0,1,1
12,t626x8de,,0,12,12,postexp,Results,2020-01-15 08:07:01.835371+00:00,1,,,5,5,s1pa9lws,,,,,,0,0,1,12,su_ha_neu,abstract,1,choice_1,1,0,4,3,1,1,1,1,1,90,90,90,80,50,5,1,1,12,c,l,o,c,k,c,a,t,b,r,o,k,e,r,H,o,n,e,y,T,h,i,n,y,B,a,n,d,0,1,1,12,,,,,,5,,5,5,5,5,5,5,4,,,,,28,0,,4,,,0,,0,,1318813,3,7970M,0,1,1
13,tavo4fh4,,0,12,12,postexp,Results,2020-01-15 15:24:23.753344+00:00,1,,,5,5,s1pa9lws,,,,,,0,0,1,13,su_ha_neu,abstract,2,choice_2,1,1,4,1,1,1,1,1,0,100,100,100,100,50,5,1,1,13,c,l,o,c,k,c,a,t,b,r,o,k,e,r,h,o,n,e,y,T,h,a,n,k,B,a,n,d,0,1,1,13,,,,,,2,,3,1,4,5,6,5,6,,,,,21,1,,3,,,0,,0,,11778682,4,1618a,0,1,1
14,ivul4918,,0,12,12,postexp,Results,2020-01-16 08:18:40.022168+00:00,1,,,5,5,s1pa9lws,,,,,,0,0,1,14,su_ha_neu,abstract,4,choice_4,1,0,3,3,1,1,1,1,0,100,100,100,50,25,5,1,1,14,c,l,o,c,k,h,a,t,h,o,o,k,e,r,m,o,n,e,y,T,h,i,n,k,B,o,n,d,0,1,1,14,,,,,,5,,7,1,2,6,7,2,5,,,,,26,1,,4,,,0,,2,"very interesting progress, makes the person rethink and think about his or her personal believes while having a financial aspect in there",11816075,5,1328C,0,1,1
15,5mhansba,,0,12,12,postexp,Results,2020-01-16 16:34:15.659527+00:00,1,,,5,5,s1pa9lws,,,,,,0,0,1,15,su_ha_neu,abstract,1,choice_1,1,0,6,5,1,1,0,0,0,10,10,65,90,100,5,1,1,15,c,l,o,c,k,h,a,t,c,h,o,k,e,r,m,o,n,e,y,T,h,i,n,k,B,a,n,d,0,1,1,15,,,,,,7,,7,6,3,5,7,6,5,,,,,23,1,,3,,,0,,3,,11722983,5,6681o,0,1,1
16,5tcns4no,,0,12,12,postexp,Results,2020-01-16 20:56:55.927538+00:00,1,,,4,4,s1pa9lws,,,,,,0,0,1,16,su_ha_neu,abstract,4,choice_4,0,1,5,5,1,1,0,0,0,85,70,50,30,0,4,1,1,16,B,l,o,c,k,H,a,t,H,o,o,k,e,r,M,o,n,e,y,T,h,o,n,e,B,A,n,d,0,1,1,16,,,,,,3,,7,3,4,5,6,1,5,,,,,23,0,,4,,,0,,1,,1518815,4,1520u,0,1,1
17,2nxwb91x,,0,12,12,postexp,Results,2020-01-17 11:22:23.397856+00:00,1,,,5,5,s1pa9lws,,,,,,0,0,1,17,su_ha_neu,abstract,3,choice_3,1,0,5,5,1,1,1,1,1,100,100,100,100,90,5,1,1,17,C,l,o,c,k,C,a,t,B,r,o,k,e,r,M,o,n,e,y,T,h,i,n,k,B,o,n,d,0,1,1,17,,,,,,3,,2,3,4,6,7,3,3,,,,,27,1,,4,,,0,,1,,1415363,4,8138B,0,1,1
18,bvw8blss,,0,0,12,,,,0,,,0,0,s1pa9lws,,,,,,0,0,1,18,su_ha_neu,abstract,1,choice_1,,,,,,,,,,,,,,,0,1,1,18,,,,,,,,,,,,,,,,,,,,,,,,,,,,,0,1,1,18,,,,,,,,,,,,,,,,,,,,,,,,,,,,,,,,0,1,1
19,km6ksosc,,0,0,12,,,,0,,,0,0,s1pa9lws,,,,,,0,0,1,19,su_ha_neu,abstract,4,choice_4,,,,,,,,,,,,,,,0,1,1,19,,,,,,,,,,,,,,,,,,,,,,,,,,,,,0,1,1,19,,,,,,,,,,,,,,,,,,,,,,,,,,,,,,,,0,1,1
20,88bkafy4,,0,0,12,,,,0,,,0,0,s1pa9lws,,,,,,0,0,1,20,su_ha_neu,abstract,1,choice_1,,,,,,,,,,,,,,,0,1,1,20,,,,,,,,,,,,,,,,,,,,,,,,,,,,,0,1,1,20,,,,,,,,,,,,,,,,,,,,,,,,,,,,,,,,0,1,1
21,h9vp59yh,,0,0,12,,,,0,,,0,0,s1pa9lws,,,,,,0,0,1,21,su_ha_neu,abstract,3,choice_3,,,,,,,,,,,,,,,0,1,1,21,,,,,,,,,,,,,,,,,,,,,,,,,,,,,0,1,1,21,,,,,,,,,,,,,,,,,,,,,,,,,,,,,,,,0,1,1
22,188h0v89,,0,0,12,,,,0,,,0,0,s1pa9lws,,,,,,0,0,1,22,su_ha_neu,abstract,4,choice_4,,,,,,,,,,,,,,,0,1,1,22,,,,,,,,,,,,,,,,,,,,,,,,,,,,,0,1,1,22,,,,,,,,,,,,,,,,,,,,,,,,,,,,,,,,0,1,1
23,z65x3b3l,,0,0,12,,,,0,,,0,0,s1pa9lws,,,,,,0,0,1,23,su_ha_neu,abstract,4,choice_4,,,,,,,,,,,,,,,0,1,1,23,,,,,,,,,,,,,,,,,,,,,,,,,,,,,0,1,1,23,,,,,,,,,,,,,,,,,,,,,,,,,,,,,,,,0,1,1
24,4ui4xqa0,,0,0,12,,,,0,,,0,0,s1pa9lws,,,,,,0,0,1,24,su_ha_neu,abstract,3,choice_3,,,,,,,,,,,,,,,0,1,1,24,,,,,,,,,,,,,,,,,,,,,,,,,,,,,0,1,1,24,,,,,,,,,,,,,,,,,,,,,,,,,,,,,,,,0,1,1
25,1tugulx3,,0,0,12,,,,0,,,0,0,s1pa9lws,,,,,,0,0,1,25,su_ha_neu,abstract,3,choice_3,,,,,,,,,,,,,,,0,1,1,25,,,,,,,,,,,,,,,,,,,,,,,,,,,,,0,1,1,25,,,,,,,,,,,,,,,,,,,,,,,,,,,,,,,,0,1,1
26,8uw6jy6i,,0,0,12,,,,0,,,0,0,s1pa9lws,,,,,,0,0,1,26,su_ha_neu,abstract,4,choice_4,,,,,,,,,,,,,,,0,1,1,26,,,,,,,,,,,,,,,,,,,,,,,,,,,,,0,1,1,26,,,,,,,,,,,,,,,,,,,,,,,,,,,,,,,,0,1,1
27,n4c1xczl,,0,0,12,,,,0,,,0,0,s1pa9lws,,,,,,0,0,1,27,su_ha_neu,abstract,3,choice_3,,,,,,,,,,,,,,,0,1,1,27,,,,,,,,,,,,,,,,,,,,,,,,,,,,,0,1,1,27,,,,,,,,,,,,,,,,,,,,,,,,,,,,,,,,0,1,1
28,a1b698um,,0,0,12,,,,0,,,0,0,s1pa9lws,,,,,,0,0,1,28,su_ha_neu,abstract,4,choice_4,,,,,,,,,,,,,,,0,1,1,28,,,,,,,,,,,,,,,,,,,,,,,,,,,,,0,1,1,28,,,,,,,,,,,,,,,,,,,,,,,,,,,,,,,,0,1,1
29,g26aypod,,0,0,12,,,,0,,,0,0,s1pa9lws,,,,,,0,0,1,29,su_ha_neu,abstract,1,choice_1,,,,,,,,,,,,,,,0,1,1,29,,,,,,,,,,,,,,,,,,,,,,,,,,,,,0,1,1,29,,,,,,,,,,,,,,,,,,,,,,,,,,,,,,,,0,1,1
30,mnwr7bs5,,0,0,12,,,,0,,,0,0,s1pa9lws,,,,,,0,0,1,30,su_ha_neu,abstract,1,choice_1,,,,,,,,,,,,,,,0,1,1,30,,,,,,,,,,,,,,,,,,,,,,,,,,,,,0,1,1,30,,,,,,,,,,,,,,,,,,,,,,,,,,,,,,,,0,1,1
31,qyjqnxne,,0,0,12,,,,0,,,0,0,s1pa9lws,,,,,,0,0,1,31,su_ha_neu,abstract,4,choice_4,,,,,,,,,,,,,,,0,1,1,31,,,,,,,,,,,,,,,,,,,,,,,,,,,,,0,1,1,31,,,,,,,,,,,,,,,,,,,,,,,,,,,,,,,,0,1,1
32,razcis1a,,0,0,12,,,,0,,,0,0,s1pa9lws,,,,,,0,0,1,32,su_ha_neu,abstract,4,choice_4,,,,,,,,,,,,,,,0,1,1,32,,,,,,,,,,,,,,,,,,,,,,,,,,,,,0,1,1,32,,,,,,,,,,,,,,,,,,,,,,,,,,,,,,,,0,1,1
33,ax6ke3p2,,0,0,12,,,,0,,,0,0,s1pa9lws,,,,,,0,0,1,33,su_ha_neu,abstract,4,choice_4,,,,,,,,,,,,,,,0,1,1,33,,,,,,,,,,,,,,,,,,,,,,,,,,,,,0,1,1,33,,,,,,,,,,,,,,,,,,,,,,,,,,,,,,,,0,1,1
34,j7lnw2gg,,0,0,12,,,,0,,,0,0,s1pa9lws,,,,,,0,0,1,34,su_ha_neu,abstract,2,choice_2,,,,,,,,,,,,,,,0,1,1,34,,,,,,,,,,,,,,,,,,,,,,,,,,,,,0,1,1,34,,,,,,,,,,,,,,,,,,,,,,,,,,,,,,,,0,1,1
35,btra8j12,,0,0,12,,,,0,,,0,0,s1pa9lws,,,,,,0,0,1,35,su_ha_neu,abstract,1,choice_1,,,,,,,,,,,,,,,0,1,1,35,,,,,,,,,,,,,,,,,,,,,,,,,,,,,0,1,1,35,,,,,,,,,,,,,,,,,,,,,,,,,,,,,,,,0,1,1
36,4ut8vwx8,,0,0,12,,,,0,,,0,0,s1pa9lws,,,,,,0,0,1,36,su_ha_neu,abstract,1,choice_1,,,,,,,,,,,,,,,0,1,1,36,,,,,,,,,,,,,,,,,,,,,,,,,,,,,0,1,1,36,,,,,,,,,,,,,,,,,,,,,,,,,,,,,,,,0,1,1
37,nvampt8o,,0,0,12,,,,0,,,0,0,s1pa9lws,,,,,,0,0,1,37,su_ha_neu,abstract,3,choice_3,,,,,,,,,,,,,,,0,1,1,37,,,,,,,,,,,,,,,,,,,,,,,,,,,,,0,1,1,37,,,,,,,,,,,,,,,,,,,,,,,,,,,,,,,,0,1,1
38,rp8s9g7i,,0,0,12,,,,0,,,0,0,s1pa9lws,,,,,,0,0,1,38,su_ha_neu,abstract,2,choice_2,,,,,,,,,,,,,,,0,1,1,38,,,,,,,,,,,,,,,,,,,,,,,,,,,,,0,1,1,38,,,,,,,,,,,,,,,,,,,,,,,,,,,,,,,,0,1,1
39,d13eam21,,0,0,12,,,,0,,,0,0,s1pa9lws,,,,,,0,0,1,39,su_ha_neu,abstract,1,choice_1,,,,,,,,,,,,,,,0,1,1,39,,,,,,,,,,,,,,,,,,,,,,,,,,,,,0,1,1,39,,,,,,,,,,,,,,,,,,,,,,,,,,,,,,,,0,1,1
40,8j5ss31g,,0,0,12,,,,0,,,0,0,s1pa9lws,,,,,,0,0,1,40,su_ha_neu,abstract,1,choice_1,,,,,,,,,,,,,,,0,1,1,40,,,,,,,,,,,,,,,,,,,,,,,,,,,,,0,1,1,40,,,,,,,,,,,,,,,,,,,,,,,,,,,,,,,,0,1,1
41,hpb5liix,,0,0,12,,,,0,,,0,0,s1pa9lws,,,,,,0,0,1,41,su_ha_neu,abstract,3,choice_3,,,,,,,,,,,,,,,0,1,1,41,,,,,,,,,,,,,,,,,,,,,,,,,,,,,0,1,1,41,,,,,,,,,,,,,,,,,,,,,,,,,,,,,,,,0,1,1
42,gm38t8be,,0,0,12,,,,0,,,0,0,s1pa9lws,,,,,,0,0,1,42,su_ha_neu,abstract,4,choice_4,,,,,,,,,,,,,,,0,1,1,42,,,,,,,,,,,,,,,,,,,,,,,,,,,,,0,1,1,42,,,,,,,,,,,,,,,,,,,,,,,,,,,,,,,,0,1,1
43,rejjbh6q,,0,0,12,,,,0,,,0,0,s1pa9lws,,,,,,0,0,1,43,su_ha_neu,abstract,3,choice_3,,,,,,,,,,,,,,,0,1,1,43,,,,,,,,,,,,,,,,,,,,,,,,,,,,,0,1,1,43,,,,,,,,,,,,,,,,,,,,,,,,,,,,,,,,0,1,1
44,bfpopxlj,,0,0,12,,,,0,,,0,0,s1pa9lws,,,,,,0,0,1,44,su_ha_neu,abstract,2,choice_2,,,,,,,,,,,,,,,0,1,1,44,,,,,,,,,,,,,,,,,,,,,,,,,,,,,0,1,1,44,,,,,,,,,,,,,,,,,,,,,,,,,,,,,,,,0,1,1
45,d0ts1j8f,,0,0,12,,,,0,,,0,0,s1pa9lws,,,,,,0,0,1,45,su_ha_neu,abstract,1,choice_1,,,,,,,,,,,,,,,0,1,1,45,,,,,,,,,,,,,,,,,,,,,,,,,,,,,0,1,1,45,,,,,,,,,,,,,,,,,,,,,,,,,,,,,,,,0,1,1
46,z8dtrybe,,0,0,12,,,,0,,,0,0,s1pa9lws,,,,,,0,0,1,46,su_ha_neu,abstract,1,choice_1,,,,,,,,,,,,,,,0,1,1,46,,,,,,,,,,,,,,,,,,,,,,,,,,,,,0,1,1,46,,,,,,,,,,,,,,,,,,,,,,,,,,,,,,,,0,1,1
47,b0tjjsrq,,0,0,12,,,,0,,,0,0,s1pa9lws,,,,,,0,0,1,47,su_ha_neu,abstract,3,choice_3,,,,,,,,,,,,,,,0,1,1,47,,,,,,,,,,,,,,,,,,,,,,,,,,,,,0,1,1,47,,,,,,,,,,,,,,,,,,,,,,,,,,,,,,,,0,1,1
48,3n9q9fui,,0,0,12,,,,0,,,0,0,s1pa9lws,,,,,,0,0,1,48,su_ha_neu,abstract,1,choice_1,,,,,,,,,,,,,,,0,1,1,48,,,,,,,,,,,,,,,,,,,,,,,,,,,,,0,1,1,48,,,,,,,,,,,,,,,,,,,,,,,,,,,,,,,,0,1,1
49,nk6870os,,0,0,12,,,,0,,,0,0,s1pa9lws,,,,,,0,0,1,49,su_ha_neu,abstract,4,choice_4,,,,,,,,,,,,,,,0,1,1,49,,,,,,,,,,,,,,,,,,,,,,,,,,,,,0,1,1,49,,,,,,,,,,,,,,,,,,,,,,,,,,,,,,,,0,1,1
50,xl2x7zic,,0,0,12,,,,0,,,0,0,s1pa9lws,,,,,,0,0,1,50,su_ha_neu,abstract,2,choice_2,,,,,,,,,,,,,,,0,1,1,50,,,,,,,,,,,,,,,,,,,,,,,,,,,,,0,1,1,50,,,,,,,,,,,,,,,,,,,,,,,,,,,,,,,,0,1,1
